tr032015_ipcae,juros_selic_70,id,nome,tr,fator,sigla,aliquota,teto,ipca,data_moeda,salario_minimo,cam
0.0000000000,0.0000,1,Cruzeiro,0.0000000000,9970995578088.590000000000000,Cr$,0,210000.00,0.0000000000,1964-10-01,42000.00,1.0000000000
0.0000000000,0.0000,2,Cruzeiro,0.0000000000,9970995578088.590000000000000,Cr$,0,210000.00,0.0000000000,1964-11-01,42000.00,1.0000000000
0.0000000000,0.0000,3,Cruzeiro,0.0000000000,9970995578088.590000000000000,Cr$,0,210000.00,0.0000000000,1964-12-01,42000.00,1.0000000000
0.0000000000,0.0000,4,Cruzeiro,0.0000000000,9970995578088.590000000000000,Cr$,0,210000.00,0.0000000000,1965-01-01,42000.00,0.0079390800
0.0000000000,0.0000,5,Cruzeiro,0.0000000000,8823889892113.790000000000000,Cr$,0,210000.00,0.0000000000,1965-02-01,66000.00,0.0079390800
0.0000000000,0.0000,6,Cruzeiro,0.0000000000,8823889892113.790000000000000,Cr$,0,330000.00,0.0000000000,1965-03-01,66000.00,0.0079390800
0.0000000000,0.0000,7,Cruzeiro,0.0000000000,8823889892113.790000000000000,Cr$,0,330000.00,0.0000000000,1965-04-01,66000.00,0.0066948900
0.0000000000,0.0000,8,Cruzeiro,0.0000000000,7441041476185.510000000000000,Cr$,0,330000.00,0.0000000000,1965-05-01,66000.00,0.0066948900
0.0000000000,0.0000,9,Cruzeiro,0.0000000000,7441041476185.510000000000000,Cr$,0,330000.00,0.0000000000,1965-06-01,66000.00,0.0066948900
0.0000000000,0.0000,10,Cruzeiro,0.0000000000,7441041476185.510000000000000,Cr$,0,330000.00,0.0000000000,1965-07-01,66000.00,0.0059020800
0.0000000000,0.0000,11,Cruzeiro,0.0000000000,6559865511900.380000000000000,Cr$,0,330000.00,0.0000000000,1965-08-01,66000.00,0.0059020800
0.0000000000,0.0000,12,Cruzeiro,0.0000000000,6559865511900.380000000000000,Cr$,0,330000.00,0.0000000000,1965-09-01,66000.00,0.0057141100
0.0000000000,0.0000,13,Cruzeiro,0.0000000000,6350952597508.660000000000000,Cr$,0,330000.00,0.0000000000,1965-10-01,66000.00,0.0056422400
0.0000000000,0.0000,14,Cruzeiro,0.0000000000,6271066401313.570000000000000,Cr$,0,330000.00,0.0000000000,1965-11-01,66000.00,0.0055895100
0.0000000000,0.0000,15,Cruzeiro,0.0000000000,6212458304105.040000000000000,Cr$,0,330000.00,0.0000000000,1965-12-01,66000.00,0.0055037800
0.0000000000,0.0000,16,Cruzeiro,0.0000000000,6117175201281.340000000000000,Cr$,160,330000.00,0.0000000000,1966-01-01,66000.00,0.0054043100
0.0000000000,0.0000,17,Cruzeiro,0.0000000000,6006623842222.040000000000000,Cr$,160,330000.00,0.0000000000,1966-02-01,66000.00,0.0052616800
0.0000000000,0.0000,18,Cruzeiro,0.0000000000,5848091248145.810000000000000,Cr$,160,420000.00,0.0000000000,1966-03-01,66000.00,0.0051856400
0.0000000000,0.0000,19,Cruzeiro,0.0000000000,5763581259010.740000000000000,Cr$,160,420000.00,0.0000000000,1966-04-01,84000.00,0.0050972500
0.0000000000,0.0000,20,Cruzeiro,0.0000000000,5665338396641.240000000000000,Cr$,160,420000.00,0.0000000000,1966-05-01,84000.00,0.0049076400
0.0000000000,0.0000,21,Cruzeiro,0.0000000000,5454592767006.890000000000000,Cr$,160,420000.00,0.0000000000,1966-06-01,84000.00,0.0046994000
0.0000000000,0.0000,22,Cruzeiro,0.0000000000,5223151167149.600000000000000,Cr$,0,420000.00,0.0000000000,1966-07-01,84000.00,0.0045149300
0.0000000000,0.0000,23,Cruzeiro,0.0000000000,5018115540054.640000000000000,Cr$,0,420000.00,0.0000000000,1966-08-01,84000.00,0.0043911700
0.0000000000,0.0000,24,Cruzeiro,0.0000000000,4880565628041.400000000000000,Cr$,0,420000.00,0.0000000000,1966-09-01,84000.00,0.0042699500
0.0000000000,0.0000,25,Cruzeiro,0.0000000000,4745833211846.070000000000000,Cr$,0,420000.00,0.0000000000,1966-10-01,84000.00,0.0041513900
0.0000000000,0.0000,26,Cruzeiro,0.0000000000,4614065515080.330000000000000,Cr$,0,420000.00,0.0000000000,1966-11-01,84000.00,0.0040447100
0.0000000000,0.0000,27,Cruzeiro,0.0000000000,4495489440076.010000000000000,Cr$,0,840000.00,0.0000000000,1966-12-01,84000.00,0.0039537900
0.0000000000,0.0000,28,Cruzeiro,0.0000000000,4394444944067.250000000000000,Cr$,160,840000.00,0.0000000000,1967-01-01,84000.00,0.0038618800
0.0000000000,0.0000,29,Cruzeiro,0.0000000000,4292292543301.160000000000000,Cr$,160,840000.00,0.0000000000,1967-02-01,84000.00,3.7725638700
0.0000000000,0.0000,30,Cruzeiro Novo,0.0000000000,4193017484477.960000000000000,NCr$,160,1050.00,0.0000000000,1967-03-01,105.00,3.6948751600
0.0000000000,0.0000,31,Cruzeiro Novo,0.0000000000,4106670336939.290000000000000,NCr$,160,1050.00,0.0000000000,1967-04-01,105.00,3.6408915900
0.0000000000,0.0000,32,Cruzeiro Novo,0.0000000000,4046670283315.170000000000000,NCr$,160,1050.00,0.0000000000,1967-05-01,105.00,3.5870279400
0.0000000000,0.0000,33,Cruzeiro Novo,0.0000000000,3986803509831.500000000000000,NCr$,160,1050.00,0.0000000000,1967-06-01,105.00,3.5236280000
0.0000000000,0.0000,34,Cruzeiro Novo,0.0000000000,3916337619045.010000000000000,NCr$,160,1050.00,0.0000000000,1967-07-01,105.00,3.4267215000
0.0000000000,0.0000,35,Cruzeiro Novo,0.0000000000,3808630854884.870000000000000,NCr$,160,1050.00,0.0000000000,1967-08-01,105.00,3.3424578600
0.0000000000,0.0000,36,Cruzeiro Novo,0.0000000000,3714975997797.540000000000000,NCr$,160,1050.00,0.0000000000,1967-09-01,105.00,3.2921676600
0.0000000000,0.0000,37,Cruzeiro Novo,0.0000000000,3659080946087.550000000000000,NCr$,160,1050.00,0.0000000000,1967-10-01,105.00,3.2765364800
0.0000000000,0.0000,38,Cruzeiro Novo,0.0000000000,3641707661829.280000000000000,NCr$,160,1050.00,0.0000000000,1967-11-01,105.00,3.2539560700
0.0000000000,0.0000,39,Cruzeiro Novo,0.0000000000,3616610655817.400000000000000,NCr$,160,1050.00,0.0000000000,1967-12-01,105.00,3.2085682700
0.0000000000,0.0000,40,Cruzeiro Novo,0.0000000000,3566164369845.700000000000000,NCr$,160,1050.00,0.0000000000,1968-01-01,105.00,3.1499848600
0.0000000000,0.0000,41,Cruzeiro Novo,0.0000000000,3507209137561.940000000000000,NCr$,160,1050.00,0.0000000000,1968-02-01,105.00,3.0956373000
0.0000000000,0.0000,42,Cruzeiro Novo,0.0000000000,3440647197408.070000000000000,NCr$,160,1296.00,0.0000000000,1968-03-01,105.00,3.0514139100
0.0000000000,0.0000,43,Cruzeiro Novo,0.0000000000,3391495094587.950000000000000,NCr$,160,1296.00,0.0000000000,1968-04-01,105.00,3.0074277200
0.0000000000,0.0000,44,Cruzeiro Novo,0.0000000000,3342606630267.720000000000000,NCr$,160,1296.00,0.0000000000,1968-05-01,105.00,2.9520095100
0.0000000000,0.0000,45,Cruzeiro Novo,0.0000000000,3281012036225.260000000000000,NCr$,160,1296.00,0.0000000000,1968-06-01,105.00,2.8753708000
0.0000000000,0.0000,46,Cruzeiro Novo,0.0000000000,3281012036225.260000000000000,NCr$,160,1296.00,0.0000000000,1968-07-01,105.00,2.7956238400
0.0000000000,0.0000,47,Cruzeiro Novo,0.0000000000,3107197126235.150000000000000,NCr$,160,1296.00,0.0000000000,1968-08-01,105.00,2.7342751900
0.0000000000,0.0000,48,Cruzeiro Novo,0.0000000000,3039011148457.360000000000000,NCr$,160,1296.00,0.0000000000,1968-09-01,105.00,2.6851711700
0.0000000000,0.0000,49,Cruzeiro Novo,0.0000000000,2984434474136.070000000000000,NCr$,160,1296.00,0.0000000000,1968-10-01,105.00,2.6479211600
0.0000000000,0.0000,50,Cruzeiro Novo,0.0000000000,2943032933320.130000000000000,NCr$,160,1296.00,0.0000000000,1968-11-01,105.00,2.6086527700
0.0000000000,0.0000,51,Cruzeiro Novo,0.0000000000,2899388071558.180000000000000,NCr$,160,1296.00,0.0000000000,1968-12-01,105.00,2.5668546200
0.0000000000,0.0000,52,Cruzeiro Novo,0.0000000000,2852931495876.560000000000000,NCr$,160,1296.00,0.0000000000,1969-01-01,156.00,2.5185729600
0.0000000000,0.0000,53,Cruzeiro Novo,0.0000000000,2799268831580.180000000000000,NCr$,160,1296.00,0.0000000000,1969-02-01,156.00,2.4734372400
0.0000000000,0.0000,54,Cruzeiro Novo,0.0000000000,2749102723487.350000000000000,NCr$,160,1296.00,0.0000000000,1969-03-01,156.00,2.4305491400
0.0000000000,0.0000,55,Cruzeiro Novo,0.0000000000,2701434727198.210000000000000,NCr$,160,1296.00,0.0000000000,1969-04-01,156.00,2.3967825000
0.0000000000,0.0000,56,Cruzeiro Novo,0.0000000000,2663904776406.250000000000000,NCr$,160,1560.00,0.0000000000,1969-05-01,156.00,2.3602096500
0.0000000000,0.0000,57,Cruzeiro Novo,0.0000000000,2623255874266.930000000000000,NCr$,160,1560.00,0.0000000000,1969-06-01,156.00,2.3313817300
0.0000000000,0.0000,58,Cruzeiro Novo,0.0000000000,2591215067070.850000000000000,NCr$,160,1560.00,0.0000000000,1969-07-01,156.00,2.3002966400
0.0000000000,0.0000,59,Cruzeiro Novo,0.0000000000,2556665532843.230000000000000,NCr$,160,1560.00,0.0000000000,1969-08-01,156.00,2.2844810000
0.0000000000,0.0000,60,Cruzeiro Novo,0.0000000000,2539087236589.910000000000000,NCr$,160,1560.00,0.0000000000,1969-09-01,156.00,2.2677343000
0.0000000000,0.0000,61,Cruzeiro Novo,0.0000000000,2520474109729.170000000000000,NCr$,160,1560.00,0.0000000000,1969-10-01,156.00,2.2472837900
0.0000000000,0.0000,62,Cruzeiro Novo,0.0000000000,2497744383288.720000000000000,NCr$,160,1560.00,0.0000000000,1969-11-01,156.00,2.2112785000
0.0000000000,0.0000,63,Cruzeiro Novo,0.0000000000,2457726294820.960000000000000,NCr$,160,1560.00,0.0000000000,1969-12-01,156.00,2.1658997800
0,0.0000,64,Cruzeiro Novo,1.30096144,2407290096110.240000000000000,NCr$,160,1560.00,2.16337043,1970-01-01,156.00,2.15049125
0,0.0000,65,Cruzeiro Novo,1.2724184,2354426346656.100000000000000,NCr$,160,1560.00,2.11590618,1970-02-01,156.00,2.10330957
0,0.0000,66,Cruzeiro Novo,1.24735605,2302770341359.960000000000000,NCr$,160,1560.00,2.07422997,1970-03-01,156.00,2.06188147
0,0.0000,67,Cruzeiro Novo,1.23339415,2257413533640.160000000000000,NCr$,160,1560.00,2.05101271,1970-04-01,156.00,2.03880243
0,0.0000,68,Cruzeiro Novo,1.2221765,2232145864806.050000000000000,NCr$,160,1872.00,2.03235887,1970-05-01,187.20,2.02025964
0,0.0000,69,Cruzeiro,1.21089488,2211844626905.190000000000000,Cr$,160,1872.00,2.01359863,1970-06-01,187.20,2.00161108
0,0.0000,70,Cruzeiro,1.19254798,2191427599579.910000000000000,Cr$,160,1872.00,1.98308956,1970-07-01,187.20,1.97128364
0,0.0000,71,Cruzeiro,1.18205786,2158224151101.430000000000000,Cr$,160,1872.00,1.96564552,1970-08-01,187.20,1.95394345
0,0.0000,72,Cruzeiro,1.17100355,2139239557624.670000000000000,Cr$,160,1872.00,1.94726329,1970-09-01,187.20,1.93567066
0,0.0000,73,Cruzeiro,1.15722993,2119233916703.210000000000000,Cr$,160,1872.00,1.92435912,1970-10-01,187.20,1.91290284
0,0.0000,74,Cruzeiro,1.13575998,2094306989726.650000000000000,Cr$,160,1872.00,1.88865673,1970-11-01,187.20,1.87741299
0,0.0000,75,Cruzeiro,1.11214608,2055451572477.550000000000000,Cr$,160,1872.00,1.84938914,1970-12-01,187.20,1.83837918
0,0.0000,76,Cruzeiro,1.0907883,2012716103772.430000000000000,Cr$,160,1872.00,1.81387325,1971-01-01,187.20,1.80307472
0,0.0000,77,Cruzeiro,1.07106759,1974063666222.250000000000000,Cr$,160,1872.00,1.78107966,1971-02-01,187.20,1.77047637
0,0.0000,78,Cruzeiro,1.05709357,1938373945973.680000000000000,Cr$,160,1872.00,1.75784224,1971-03-01,187.20,1.74737729
0,0.0000,79,Cruzeiro,1.04665116,1913084339617.920000000000000,Cr$,160,1872.00,1.74047754,1971-04-01,187.20,1.73011596
0,0.0000,80,Cruzeiro,1.03466135,1894186090062.430000000000000,Cr$,160,2256.00,1.72053968,1971-05-01,225.60,1.7102968
0,0.0000,81,Cruzeiro,1.02010214,1872487432504.900000000000000,Cr$,160,2256.00,1.69632916,1971-06-01,225.60,1.68623041
0,0.0000,82,Cruzeiro,1.00028535,1846138785056.210000000000000,Cr$,160,2256.00,1.66337578,1971-07-01,225.60,1.65347321
0,0.0000,83,Cruzeiro,0.98069984,1810275159420.580000000000000,Cr$,160,2256.00,1.63080701,1971-08-01,225.60,1.62109833
0,0.0000,84,Cruzeiro,0.96052505,1774830113579.320000000000000,Cr$,160,2256.00,1.59725833,1971-09-01,225.60,1.58774938
0,0.0000,85,Cruzeiro,0.94003953,1738318615426.880000000000000,Cr$,160,2256.00,1.56319293,1971-10-01,225.60,1.55388678
0,0.0000,86,Cruzeiro,0.92148715,1701244766778.470000000000000,Cr$,160,2256.00,1.53234216,1971-11-01,225.60,1.52321967
0,0.0000,87,Cruzeiro,0.9066269,1667669439385.950000000000000,Cr$,160,2256.00,1.50763103,1971-12-01,225.60,1.49865566
0,0.0000,88,Cruzeiro,0.89557407,1640775971382.040000000000000,Cr$,160,2256.00,1.48925126,1972-01-01,225.60,1.48038531
0,0.0000,89,Cruzeiro,0.8849296,1620773013343.400000000000000,Cr$,160,2256.00,1.47155056,1972-02-01,225.60,1.46278998
0,0.0000,90,Cruzeiro,0.87328763,1601509087389.760000000000000,Cr$,160,2256.00,1.45219112,1972-03-01,225.60,1.4435458
0,0.0000,91,Cruzeiro,0.86343389,1580439939465.620000000000000,Cr$,160,2256.00,1.43580532,1972-04-01,225.60,1.42725755
0,0.0000,92,Cruzeiro,0.85208346,1562607048752.330000000000000,Cr$,160,2688.00,1.41693068,1972-05-01,268.80,1.40849527
0,0.0000,93,Cruzeiro,0.83795767,1542065508519.730000000000000,Cr$,160,2688.00,1.39344088,1972-06-01,268.80,1.38514531
0,0.0000,94,Cruzeiro,0.82318418,1516501228606.640000000000000,Cr$,160,2688.00,1.36887401,1972-07-01,268.80,1.3607247
0,0.0000,95,Cruzeiro,0.81154392,1489764765888.030000000000000,Cr$,160,2688.00,1.34951742,1972-08-01,268.80,1.34148335
0,0.0000,96,Cruzeiro,0.80478698,1468698715287.760000000000000,Cr$,160,2688.00,1.3382813,1972-09-01,268.80,1.33031412
0,0.0000,97,Cruzeiro,0.79906768,1456470286019.370000000000000,Cr$,160,2688.00,1.32877067,1972-10-01,268.80,1.32086011
0,0.0000,98,Cruzeiro,0.79149141,1446119735763.400000000000000,Cr$,160,2688.00,1.31617207,1972-11-01,268.80,1.30833651
0,0.0000,99,Cruzeiro,0.78629537,1432408501377.470000000000000,Cr$,160,2688.00,1.30753158,1972-12-01,268.80,1.29974746
0,0.0000,100,Cruzeiro,0.77741946,1423004934792.150000000000000,Cr$,160,2688.00,1.2927718,1973-01-01,268.80,1.28507555
0,0.0000,101,Cruzeiro,0.7698158,1406941664750.750000000000000,Cr$,160,2688.00,1.28012768,1973-02-01,268.80,1.2725067
0,0.0000,102,Cruzeiro,0.76183237,1393180882784.490000000000000,Cr$,160,2688.00,1.26685202,1973-03-01,268.80,1.25931007
0,0.0000,103,Cruzeiro,0.75277657,1378732795642.780000000000000,Cr$,160,2688.00,1.25179311,1973-04-01,268.80,1.24434082
0,0.0000,104,Cruzeiro,0.744235,1362343978424.460000000000000,Cr$,160,3120.00,1.23758933,1973-05-01,312.00,1.23022159
0,0.0000,105,Cruzeiro,0.73490352,1346885800093.010000000000000,Cr$,160,5200.00,1.222072,1973-06-01,312.00,1.21479664
0,0.0000,106,Cruzeiro,0.72685642,1329998076309.000000000000000,Cr$,160,6240.00,1.20869047,1973-07-01,312.00,1.20149478
0,0.0000,107,Cruzeiro,0.72039379,1315434772834.910000000000000,Cr$,160,6240.00,1.19794375,1973-08-01,312.00,1.19081203
0,0.0000,108,Cruzeiro,0.71441542,1303738961570.170000000000000,Cr$,160,6240.00,1.18800231,1973-09-01,312.00,1.18092978
0,0.0000,109,Cruzeiro,0.70753457,1292919551100.700000000000000,Cr$,160,6240.00,1.17656014,1973-10-01,312.00,1.16955573
0,0.0000,110,Cruzeiro,0.70275149,1280466877884.760000000000000,Cr$,160,6240.00,1.16860635,1973-11-01,312.00,1.16164929
0,0.0000,111,Cruzeiro,0.69679672,1271810660470.490000000000000,Cr$,160,6240.00,1.15870416,1973-12-01,312.00,1.15180605
0,0.0000,112,Cruzeiro,0.68340011,1261033967128.940000000000000,Cr$,160,6240.00,1.13642691,1974-01-01,312.00,1.12966143
0,0.0000,113,Cruzeiro,0.67627,1236789329953.940000000000000,Cr$,160,6240.00,1.12457024,1974-02-01,312.00,1.11787534
0,0.0000,114,Cruzeiro,0.66629238,1223885550274.770000000000000,Cr$,160,6240.00,1.10797845,1974-03-01,312.00,1.10138232
0,0.0000,115,Cruzeiro,0.65801644,1205828465121.370000000000000,Cr$,160,6240.00,1.09421638,1974-04-01,312.00,1.08770219
0,0.0000,116,Cruzeiro,0.64742323,1190851018522.460000000000000,Cr$,160,7536.00,1.07660091,1974-05-01,376.80,1.07019159
0,0.0000,117,Cruzeiro,0.6339399,1171679856414.640000000000000,Cr$,160,7536.00,1.05417947,1974-06-01,376.80,1.04790363
0,0.0000,118,Cruzeiro,0.61353805,1147278285362.860000000000000,Cr$,160,7536.00,1.0202532,1974-07-01,376.80,1.01417934
0,0.0000,119,Cruzeiro,0.58768765,1110355855021.000000000000000,Cr$,160,7536.00,0.97726654,1974-08-01,376.80,0.97144858
0,0.0000,120,Cruzeiro,0.56094193,1063572861662.780000000000000,Cr$,160,7536.00,0.93279106,1974-09-01,376.80,0.92723788
0,0.0000,121,Cruzeiro,0.54068417,1015169576266.400000000000000,Cr$,160,7536.00,0.89910439,1974-10-01,376.80,0.89375176
0,0.0000,122,Cruzeiro,0.52925761,978507907565.122000000000000,Cr$,160,7536.00,0.88010315,1974-11-01,376.80,0.87486363
0,0.0000,123,Cruzeiro,0.52268017,957828585791.411000000000000,Cr$,160,7536.00,0.86916552,1974-12-01,376.80,0.86399112
0,0.0000,124,Cruzeiro,0.51607078,945925014523.157000000000000,Cr$,160,7536.00,0.85817476,1975-01-01,376.80,0.8530658
0,0.0000,125,Cruzeiro,0.50835686,933963617280.685000000000000,Cr$,160,7536.00,0.84534728,1975-02-01,376.80,0.84031467
0,0.0000,126,Cruzeiro,0.50005189,920003282717.161000000000000,Cr$,160,7536.00,0.83153692,1975-03-01,376.80,0.82658653
0,0.0000,127,Cruzeiro,0.49083044,904973278098.439000000000000,Cr$,160,7536.00,0.81620256,1975-04-01,376.80,0.81134347
0,0.0000,128,Cruzeiro,0.48122733,888284684016.801000000000000,Cr$,160,10020.00,0.80023354,1975-05-01,532.80,0.79546951
0,0.0000,129,Cruzeiro,0.47038092,870905369734.352000000000000,Cr$,160,10020.00,0.78219703,1975-06-01,532.80,0.77754038
0,0.0000,130,Cruzeiro,0.46194112,851275982078.767000000000000,Cr$,160,10020.00,0.76816247,1975-07-01,532.80,0.76358937
0,0.0000,131,Cruzeiro,0.45417292,836001976866.656000000000000,Cr$,160,10020.00,0.75524473,1975-08-01,532.80,0.75074853
0,0.0000,132,Cruzeiro,0.44720549,821943415883.983000000000000,Cr$,160,10020.00,0.74365859,1975-09-01,532.80,0.73923137
0,0.0000,133,Cruzeiro,0.43831119,809334056663.035000000000000,Cr$,160,10020.00,0.72886824,1975-10-01,532.80,0.72452907
0,0.0000,134,Cruzeiro,0.42899414,793237516156.610000000000000,Cr$,160,10020.00,0.71337489,1975-11-01,532.80,0.70912796
0,0.0000,135,Cruzeiro,0.42080285,776375891776.735000000000000,Cr$,160,10020.00,0.69975359,1975-12-01,532.80,0.69558775
0,0.0000,136,Cruzeiro,0.41319722,761551636606.477000000000000,Cr$,160,10020.00,0.68710618,1976-01-01,532.80,0.68301563
0,0.0000,137,Cruzeiro,0.40541366,747787278992.695000000000000,Cr$,160,10020.00,0.6741629,1976-02-01,532.80,0.67014941
0,0.0000,138,Cruzeiro,0.39654323,733700925540.000000000000000,Cr$,160,10020.00,0.65941225,1976-03-01,532.80,0.65548657
0,0.0000,139,Cruzeiro,0.38734334,717647587310.250000000000000,Cr$,160,10020.00,0.64411374,1976-04-01,532.80,0.64027914
0,0.0000,140,Cruzeiro,0.37780784,700998001834.125000000000000,Cr$,160,12766.00,0.62825713,1976-05-01,768.00,0.62451693
0,0.0000,141,Cruzeiro,0.36688897,683741039435.547000000000000,Cr$,160,14872.00,0.61010014,1976-06-01,768.00,0.60646803
0,0.0000,142,Cruzeiro,0.35637592,663980527274.994000000000000,Cr$,160,14872.00,0.59261797,1976-07-01,768.00,0.58908994
0,0.0000,143,Cruzeiro,0.34749743,644954435840.142000000000000,Cr$,160,14872.00,0.57785391,1976-08-01,768.00,0.57441378
0,0.0000,144,Cruzeiro,0.33807275,628886507605.713000000000000,Cr$,160,14872.00,0.56218161,1976-09-01,768.00,0.55883478
0,0.0000,145,Cruzeiro,0.32730777,611830126899.956000000000000,Cr$,160,14872.00,0.54428051,1976-10-01,768.00,0.54104024
0,0.0000,146,Cruzeiro,0.31591581,599470665429.483000000000000,Cr$,160,14872.00,0.5253368,1976-11-01,768.00,0.52220931
0,0.0000,147,Cruzeiro,0.30663244,571731397826.181000000000000,Cr$,160,14872.00,0.50989948,1976-12-01,768.00,0.50686389
0,0.0000,148,Cruzeiro,0.3000039,554930742324.610000000000000,Cr$,160,14872.00,0.49887687,1977-01-01,768.00,0.49590691
0,0.0000,149,Cruzeiro,0.29489759,542934689795.186000000000000,Cr$,160,14872.00,0.49038558,1977-02-01,768.00,0.48746617
0,0.0000,150,Cruzeiro,0.28920118,533693495588.963000000000000,Cr$,160,14872.00,0.48091301,1977-03-01,768.00,0.47804999
0,0.0000,151,Cruzeiro,0.28278867,523384367124.486000000000000,Cr$,160,14872.00,0.47024964,1977-04-01,768.00,0.46745011
0,0.0000,152,Cruzeiro,0.27486015,511779273114.438000000000000,Cr$,160,20820.00,0.45706529,1977-05-01,1106.40,0.45434425
0,0.0000,153,Cruzeiro,0.26629153,497430560144.105000000000000,Cr$,160,20820.00,0.44281652,1977-06-01,1106.40,0.4401803
0,0.0000,154,Cruzeiro,0.25769746,481923420883.934000000000000,Cr$,160,20820.00,0.42852543,1977-07-01,1106.40,0.4259743
0,0.0000,155,Cruzeiro,0.25099411,466370232838.568000000000000,Cr$,160,20820.00,0.41737842,1977-08-01,1106.40,0.41489365
0,0.0000,156,Cruzeiro,0.24595204,454238785389.667000000000000,Cr$,160,20820.00,0.40899396,1977-09-01,1106.40,0.4065591
0,0.0000,157,Cruzeiro,0.24255213,445113860010.205000000000000,Cr$,160,20820.00,0.40334025,1977-10-01,1106.40,0.40093905
0,0.0000,158,Cruzeiro,0.23923455,438960844291.815000000000000,Cr$,160,20820.00,0.39782344,1977-11-01,1106.40,0.39545508
0,0.0000,159,Cruzeiro,0.23571369,432956820585.697000000000000,Cr$,160,20820.00,0.39196859,1977-12-01,1106.40,0.38963508
0,0.0000,160,Cruzeiro,0.23118377,426584905368.725000000000000,Cr$,160,20820.00,0.38443579,1978-01-01,1106.40,0.38214713
0,0.0000,161,Cruzeiro,0.22640525,418386857086.631000000000000,Cr$,160,20820.00,0.37648957,1978-02-01,1106.40,0.37424822
0,0.0000,162,Cruzeiro,0.22127683,409738877258.623000000000000,Cr$,160,20820.00,0.36796152,1978-03-01,1106.40,0.36577093
0,0.0000,163,Cruzeiro,0.2157148,400457672118.905000000000000,Cr$,160,20820.00,0.35871241,1978-04-01,1106.40,0.35657689
0,0.0000,164,Cruzeiro,0.20959302,390391745745.608000000000000,Cr$,160,28940.00,0.3485325,1978-05-01,1560.00,0.34645758
0,0.0000,165,Cruzeiro,0.20339529,379312800170.753000000000000,Cr$,160,28940.00,0.33822629,1978-06-01,1560.00,0.33621273
0,0.0000,166,Cruzeiro,0.19744738,368096410886.319000000000000,Cr$,160,28940.00,0.3283355,1978-07-01,1560.00,0.32638082
0,0.0000,167,Cruzeiro,0.19158397,357332123641.364000000000000,Cr$,160,28940.00,0.31858522,1978-08-01,1560.00,0.31668859
0,0.0000,168,Cruzeiro,0.18640497,346720758678.927000000000000,Cr$,160,28940.00,0.30997306,1978-09-01,1560.00,0.3081277
0,0.0000,169,Cruzeiro,0.18166018,337348025107.033000000000000,Cr$,160,28940.00,0.30208295,1978-10-01,1560.00,0.30028456
0,0.0000,170,Cruzeiro,0.17744764,328761105809.244000000000000,Cr$,160,28940.00,0.2950779,1978-11-01,1560.00,0.29332122
0,0.0000,171,Cruzeiro,0.17301758,321137414347.921000000000000,Cr$,160,28940.00,0.28771115,1978-12-01,1560.00,0.28599832
0,0.0000,172,Cruzeiro,0.16858123,313120072167.083000000000000,Cr$,160,28940.00,0.28033394,1979-01-01,1560.00,0.27866503
0,0.0000,173,Cruzeiro,0.16485852,305091352367.927000000000000,Cr$,160,28940.00,0.27414344,1979-02-01,1560.00,0.27251138
0,0.0000,174,Cruzeiro,0.16111272,298354146561.598000000000000,Cr$,160,28940.00,0.26791455,1979-03-01,1560.00,0.26631957
0,0.0000,175,Cruzeiro,0.15718729,291575155074.673000000000000,Cr$,160,28940.00,0.26138694,1979-04-01,1560.00,0.25983083
0,0.0000,176,Cruzeiro,0.15151171,281851285717.422000000000000,Cr$,160,41674.00,0.25194901,1979-05-01,2268.00,0.25044908
0,0.0000,177,Cruzeiro,0.14593346,276976499329.227000000000000,Cr$,160,41674.00,0.24267293,1979-06-01,2268.00,0.24122823
0,0.0000,178,Cruzeiro,0.14123485,268909222649.736000000000000,Cr$,160,41674.00,0.23485962,1979-07-01,2268.00,0.23346143
0,0.0000,179,Cruzeiro,0.13749524,255228950882.437000000000000,Cr$,160,41674.00,0.22864101,1979-08-01,2268.00,0.22727984
0,0.0000,180,Cruzeiro,0.13364961,241259997053.064000000000000,Cr$,160,41674.00,0.22224611,1979-09-01,2268.00,0.22092302
0,0.0000,181,Cruzeiro,0.12848815,226301469893.129000000000000,Cr$,160,41674.00,0.2136631,1979-10-01,2268.00,0.2123911
0,0.0000,182,Cruzeiro,0.12285263,216500673319.612000000000000,Cr$,160,51930.00,0.20429179,1979-11-01,2932.80,0.20307558
0,0.0000,183,Cruzeiro,0.11754756,204053415004.347000000000000,Cr$,160,51930.00,0.19546999,1979-12-01,2932.80,0.1943063
0,0.0000,184,Cruzeiro,0.1129404,195247741847.045000000000000,Cr$,160,51930.00,0.18780874,1980-01-01,2932.80,0.18669066
0,0.0000,185,Cruzeiro,0.10838573,183227985967.572000000000000,Cr$,160,51930.00,0.18023476,1980-02-01,2932.80,0.17916177
0,0.0000,186,Cruzeiro,0.10451819,175927014851.245000000000000,Cr$,160,51930.00,0.17380343,1980-03-01,2932.80,0.17276872
0,0.0000,187,Cruzeiro,0.10078976,167358271357.730000000000000,Cr$,160,51930.00,0.16760343,1980-04-01,2932.80,0.16660564
0,0.0000,188,Cruzeiro,0.09719458,159616853941.563000000000000,Cr$,160,70136.00,0.16162498,1980-05-01,4149.60,0.16066278
0,0.0000,189,Cruzeiro,0.09399914,151252585939.130000000000000,Cr$,160,70136.00,0.15631129,1980-06-01,4149.60,0.15538073
0,0.0000,190,Cruzeiro,0.09108386,143340206538.220000000000000,Cr$,160,70136.00,0.15146347,1980-07-01,4149.60,0.15056176
0,0.0000,191,Cruzeiro,0.08825906,135854617134.130000000000000,Cr$,160,70136.00,0.1467661,1980-08-01,4149.60,0.14589236
0,0.0000,192,Cruzeiro,0.08552181,129200777112.819000000000000,Cr$,160,70136.00,0.14221433,1980-09-01,4149.60,0.14136769
0,0.0000,193,Cruzeiro,0.0830305,123696292113.757000000000000,Cr$,160,70136.00,0.13807152,1980-10-01,4149.60,0.13724954
0,0.0000,194,Cruzeiro,0.08045637,112810115926.819000000000000,Cr$,160,93706.00,0.133791,1980-11-01,5788.80,0.1329945
0,0.0000,195,Cruzeiro,0.07796196,104424804153.308000000000000,Cr$,160,93706.00,0.12964304,1980-12-01,5788.80,0.12887124
0,0.0000,196,Cruzeiro,0.0746049,97776033851.412200000000000,Cr$,160,93706.00,0.12406058,1981-01-01,5788.80,0.12332201
0,0.0000,197,Cruzeiro,0.07105183,92059160014.510800000000000,Cr$,160,93706.00,0.11815217,1981-02-01,5788.80,0.11744878
0,0.0000,198,Cruzeiro,0.06671557,86807317316.841800000000000,Cr$,160,93706.00,0.1109414,1981-03-01,5788.80,0.11028093
0,0.0000,199,Cruzeiro,0.06276139,82398972298.853600000000000,Cr$,160,93706.00,0.104366,1981-04-01,5788.80,0.10374468
0,0.0000,200,Cruzeiro,0.05920896,77340878823.778000000000000,Cr$,160,133540.00,0.09845866,1981-05-01,8464.80,0.09787251
0,0.0000,201,Cruzeiro,0.05585761,73301941829.000100000000000,Cr$,160,133540.00,0.0928857,1981-06-01,8464.80,0.09233272
0,0.0000,202,Cruzeiro,0.05269594,69764863261.635300000000000,Cr$,160,133540.00,0.08762815,1981-07-01,8464.80,0.08710648
0,0.0000,203,Cruzeiro,0.04971326,65691961639.957600000000000,Cr$,160,133540.00,0.08266825,1981-08-01,8464.80,0.0821761
0,0.0000,204,Cruzeiro,0.04698795,61903469317.714700000000000,Cr$,160,133540.00,0.07813632,1981-09-01,8464.80,0.07767115
0,0.0000,205,Cruzeiro,0.0444539,58798888029.744000000000000,Cr$,160,133540.00,0.07392244,1981-10-01,8464.80,0.07348236
0,0.0000,206,Cruzeiro,0.04205651,56202339925.199100000000000,Cr$,160,184390.00,0.06993583,1981-11-01,11928.00,0.06951948
0,0.0000,207,Cruzeiro,0.03986406,53409046778.674600000000000,Cr$,160,238560.00,0.06628999,1981-12-01,11928.00,0.06589535
0,0.0000,208,Cruzeiro,0.03789356,50533680365.857200000000000,Cr$,185,238560.00,0.06301325,1982-01-01,11928.00,0.06263811
0,0.0000,209,Cruzeiro,0.03608906,47356086932.675000000000000,Cr$,185,238560.00,0.06001254,1982-02-01,11928.00,0.05965526
0,0.0000,210,Cruzeiro,0.03437059,44432432851.074600000000000,Cr$,185,238560.00,0.0571549,1982-03-01,11928.00,0.05681464
0,0.0000,211,Cruzeiro,0.03273389,42220099630.439200000000000,Cr$,185,238560.00,0.05443322,1982-04-01,11928.00,0.05410917
0,0.0000,212,Cruzeiro,0.03102743,39962233441.021300000000000,Cr$,185,332160.00,0.05159555,1982-05-01,16608.00,0.05128839
0,0.0000,213,Cruzeiro,0.02940995,37466935534.428800000000000,Cr$,185,332160.00,0.04890584,1982-06-01,16608.00,0.04861469
0,0.0000,214,Cruzeiro,0.02787666,34970072367.396000000000000,Cr$,185,332160.00,0.04635614,1982-07-01,16608.00,0.04608017
0,0.0000,215,Cruzeiro,0.0262988,32869698625.243700000000000,Cr$,185,332160.00,0.0437323,1982-08-01,16608.00,0.04347195
0,0.0000,216,Cruzeiro,0.02457831,31135453846.020600000000000,Cr$,185,332160.00,0.0408713,1982-09-01,16608.00,0.04062798
0,0.0000,217,Cruzeiro,0.02297043,29851825355.723400000000000,Cr$,185,332160.00,0.03819755,1982-10-01,16608.00,0.03797015
0,0.0000,218,Cruzeiro,0.02146768,28728539462.731400000000000,Cr$,185,471360.00,0.03569863,1982-11-01,23568.00,0.0354861
0,0.0000,219,Cruzeiro,0.02015744,27292931277.533100000000000,Cr$,185,471360.00,0.03351983,1982-12-01,23568.00,0.03332027
0,0.0000,220,Cruzeiro,0.01892719,25226852091.258900000000000,Cr$,185,471360.00,0.03147404,1983-01-01,23568.00,0.03128667
0,0.0000,221,Cruzeiro,0.01785581,23114213021.128400000000000,Cr$,185,471360.00,0.02969245,1983-02-01,23568.00,0.02951569
0,0.0000,222,Cruzeiro,0.01673462,21394125343.509300000000000,Cr$,185,471360.00,0.02782802,1983-03-01,23568.00,0.02766235
0,0.0000,223,Cruzeiro,0.01535286,19953483812.263700000000000,Cr$,185,471360.00,0.02553028,1983-04-01,23568.00,0.02537829
0,0.0000,224,Cruzeiro,0.01408518,18723359118.198400000000000,Cr$,185,695520.00,0.02342226,1983-05-01,34776.00,0.02328282
0,0.0000,225,Cruzeiro,0.01304183,17546021102.238300000000000,Cr$,185,695520.00,0.02168727,1983-06-01,34776.00,0.02155816
0,0.0000,226,Cruzeiro,0.01209818,15831472617.737300000000000,Cr$,185,695520.00,0.02011808,1983-07-01,34776.00,0.01999831
0,0.0000,227,Cruzeiro,0.01109926,14207549688.358200000000000,Cr$,185,695520.00,0.01845697,1983-08-01,34776.00,0.01834709
0,0.0000,228,Cruzeiro,0.01022974,12933590977.112900000000000,Cr$,185,695520.00,0.01701104,1983-09-01,34776.00,0.01690977
0,0.0000,229,Cruzeiro,0.00934223,11623610116.933700000000000,Cr$,185,695520.00,0.01553521,1983-10-01,34776.00,0.01544272
0,0.0000,230,Cruzeiro,0.00851616,10557320723.827800000000000,Cr$,185,1142400.00,0.01416153,1983-11-01,57120.00,0.01407722
0,0.0000,231,Cruzeiro,0.00785624,9832654115.514470000000000,Cr$,185,1142400.00,0.01306415,1983-12-01,57120.00,0.01298637
0,0.0000,232,Cruzeiro,0.00730133,9075737599.699060000000000,Cr$,185,1142400.00,0.0121414,1984-01-01,57120.00,0.01206912
0,0.0000,233,Cruzeiro,0.00664966,8296679403.692270000000000,Cr$,185,1142400.00,0.01105773,1984-02-01,57120.00,0.0109919
0,0.0000,234,Cruzeiro,0.00592134,7560305634.856890000000000,Cr$,185,1142400.00,0.0098466,1984-03-01,57120.00,0.00978798
0,0.0000,235,Cruzeiro,0.00538303,6883643480.704500000000000,Cr$,185,1142400.00,0.00895145,1984-04-01,57120.00,0.00889816
0,0.0000,236,Cruzeiro,0.0049431,6285284405.318420000000000,Cr$,185,1943520.00,0.00821988,1984-05-01,97176.00,0.00817095
0,0.0000,237,Cruzeiro,0.00453912,5781698468.694360000000000,Cr$,185,1943520.00,0.0075481,1984-06-01,97176.00,0.00750317
0,0.0000,238,Cruzeiro,0.0041567,5258001517.546650000000000,Cr$,185,1943520.00,0.00691219,1984-07-01,97176.00,0.00687104
0,0.0000,239,Cruzeiro,0.00376854,4818991400.923330000000000,Cr$,185,1943520.00,0.00626671,1984-08-01,97176.00,0.00622941
0,0.0000,240,Cruzeiro,0.00340736,4438603114.049410000000000,Cr$,185,1943520.00,0.00566611,1984-09-01,97176.00,0.00563237
0,0.0000,241,Cruzeiro,0.00308359,3995142316.875250000000000,Cr$,185,1943520.00,0.00512782,1984-10-01,97176.00,0.00509729
0,0.0000,242,Cruzeiro,0.00273853,3615840634.334440000000000,Cr$,185,3331200.00,0.00455391,1984-11-01,166560.00,0.0045268
0,0.0000,243,Cruzeiro,0.00249184,3277295961.510310000000000,Cr$,185,3331200.00,0.00414368,1984-12-01,166560.00,0.00411901
0,0.0000,244,Cruzeiro,0.00225506,1959639387.93579,Cr$,185,3331200.00,0.00374994,1985-01-01,166560.00,0.00372761
0,0.0000,245,Cruzeiro,0.00200272,1768278129.69071,Cr$,185,3331200.00,0.00333032,1985-02-01,166560.00,0.00331049
0,0.0000,246,Cruzeiro,0.00181735,1613723651.55478,Cr$,185,3331200.00,0.00302207,1985-03-01,166560.00,0.00300408
0,0.0000,247,Cruzeiro,0.00161255,1486717603.13758,Cr$,185,3331200.00,0.00268152,1985-04-01,166560.00,0.00266555
0,0.0000,248,Cruzeiro,0.00144198,1354954427.82947,Cr$,185,6662400.00,0.00239787,1985-05-01,333120.00,0.00238359
0,0.0000,249,Cruzeiro,0.00131082,1243856343.67914,Cr$,185,6662400.00,0.00217976,1985-06-01,333120.00,0.00216678
0,0.0000,250,Cruzeiro,0.00120029,1132470232.02125,Cr$,185,6662400.00,0.00199597,1985-07-01,333120.00,0.00198409
0,0.0000,251,Cruzeiro,0.00111537,1042974308.31461,Cr$,185,6662400.00,0.00185475,1985-08-01,333120.00,0.00184371
0,0.0000,252,Cruzeiro,0.00103103,933124894.548952,Cr$,185,6662400.00,0.00171451,1985-09-01,333120.00,0.0017043
0,0.0000,253,Cruzeiro,0.00094503,818427971.21617,Cr$,185,6662400.00,0.0015715,1985-10-01,333120.00,0.00156214
0,0.0000,254,Cruzeiro,0.000867,732269430.881992,Cr$,185,12000000.00,0.00144174,1985-11-01,600000.00,0.00143316
0,0.0000,255,Cruzeiro,0.00078024,645455435.082548,Cr$,185,12000000.00,0.00129746,1985-12-01,600000.00,0.00128974
0,0.0000,256,Cruzeiro,0.00068829,621563269.363312,Cr$,185,12000000.00,0.00114455,1986-01-01,600000.00,0.00113774
0,0.0000,257,Cruzeiro,0.00059218,555241347.804881,Cr$,185,12000000.00,0.00098473,1986-02-01,600000.00,0.00097887
0,0.0000,258,Cruzado,0.51781689,490548497.708337,Cz$,185,16080.00,0.86107838,1986-03-01,804.00,0.85595213
0,0.0000,259,Cruzado,0.51781689,475947777.851205,Cz$,185,16080.00,0.86107838,1986-04-01,804.00,0.85595213
0,0.0000,260,Cruzado,0.51781689,474191746.766638,Cz$,185,16080.00,0.86107838,1986-05-01,804.00,0.85595213
0,0.0000,261,Cruzado,0.51781689,466720135.99104,Cz$,185,16080.00,0.86107838,1986-06-01,804.00,0.85595213
0,0.0000,262,Cruzado,0.51781689,463332763.738049,Cz$,185,16080.00,0.86107838,1986-07-01,804.00,0.85595213
0,0.0000,263,Cruzado,0.51781689,458068023.485085,Cz$,185,16080.00,0.86107838,1986-08-01,804.00,0.85595213
0,0.0000,264,Cruzado,0.51781689,443477610.112387,Cz$,185,16080.00,0.86107838,1986-09-01,804.00,0.85595213
0,0.0000,265,Cruzado,0.51781689,422001601.732785,Cz$,185,16080.00,0.86107838,1986-10-01,804.00,0.85595213
0,0.0000,266,Cruzado,0.51781689,416052057.313206,Cz$,185,16080.00,0.86107838,1986-11-01,804.00,0.85595213
0,0.0000,267,Cruzado,0.51781689,402799939.309909,Cz$,185,16080.00,0.86107838,1986-12-01,804.00,0.85595213
0,0.0000,268,Cruzado,0.51781689,375501015.483429,Cz$,185,19296.00,0.86107838,1987-01-01,964.80,0.85595213
0,0.0000,269,Cruzado,0.51781689,321435555.077042,Cz$,185,19296.00,0.86107838,1987-02-01,964.80,0.85595213
0,0.0000,270,Cruzado,0.30337381,282109491.86841,Cz$,185,27360.00,0.5044807,1987-03-01,1368.00,0.50147738
0,0.0000,271,Cruzado,0.26492146,246599206.173604,Cz$,185,27360.00,0.44053825,1987-04-01,1368.00,0.4379156
0,0.0000,272,Cruzado,0.21901621,203868391.463889,Cz$,185,32832.00,0.36420234,1987-05-01,1641.60,0.36203413
0,0.0000,273,Cruzado,0.17742478,165558219.420339,Cz$,185,39398.40,0.2950399,1987-06-01,1969.92,0.29328344
0,0.0000,274,Cruzado,0.15033348,136486578.259234,Cz$,185,39398.40,0.24998974,1987-07-01,1969.92,0.24850148
0,0.0000,275,Cruzado,0.14588322,124157716.971453,Cz$,185,39398.40,0.2425894,1987-08-01,1969.92,0.2411452
0,0.0000,276,Cruzado,0.13715979,118144178.294689,Cz$,185,41246.20,0.2280832,1987-09-01,2400.00,0.22672535
0,0.0000,277,Cruzado,0.12978662,110260549.031649,Cz$,185,43180.60,0.21582234,1987-10-01,2640.00,0.21453748
0,0.0000,278,Cruzado,0.11887399,99441332.1047235,Cz$,185,45205.80,0.19767571,1987-11-01,3000.00,0.19649889
0,0.0000,279,Cruzado,0.10534755,86523389.9711638,Cz$,185,51000.00,0.17518258,1987-12-01,3600.00,0.17413967
0,0.0000,280,Cruzado,0.09229691,75917688.8500331,Cz$,185,61200.00,0.15348065,1988-01-01,4500.00,0.15256694
0,0.0000,281,Cruzado,0.07921742,63812464.3596653,Cz$,185,72000.00,0.13173075,1988-02-01,5280.00,0.13094652
0,0.0000,282,Cruzado,0.0671555,55100996.7696629,Cz$,185,84960.00,0.11167297,1988-03-01,6240.00,0.11100815
0,0.0000,283,Cruzado,0.05788764,46660171.7143142,Cz$,185,98640.00,0.09626143,1988-04-01,7260.00,0.09568836
0,0.0000,284,Cruzado,0.04853094,39432241.7845117,Cz$,185,118360.00,0.08070216,1988-05-01,8712.00,0.08022172
0,0.0000,285,Cruzado,0.04120477,33349324.9272721,Cz$,185,138680.00,0.06851946,1988-06-01,10368.00,0.06811154
0,0.0000,286,Cruzado,0.03447231,27272918.6437055,Cz$,185,167520.00,0.05732405,1988-07-01,12444.00,0.05698279
0,0.0000,287,Cruzado,0.02779131,22169499.7891183,Cz$,185,209208.00,0.04621421,1988-08-01,15552.00,0.04593908
0,0.0000,288,Cruzado,0.02303275,18378098.1450666,Cz$,185,254040.00,0.03830119,1988-09-01,18960.00,0.03807317
0,0.0000,289,Cruzado,0.01857332,14478923.9310652,Cz$,185,315120.00,0.0308856,1988-10-01,23700.00,0.03070173
0,0.0000,290,Cruzado,0.01459594,11428624.1460832,Cz$,185,409520.00,0.0242716,1988-11-01,30800.00,0.0241271
0,0.0000,291,Cruzado,0.0115001,8918161.6445916,Cz$,185,511900.00,0.01912353,1988-12-01,40425.00,0.01900968
0,0.5,292,Cruzado Novo,0.00892934,6943986.32957528,NCz$,185,637.32,14.8486092,1989-01-01,54.37,14.76021104
0,0.5,293,Cruzado Novo,6.25654343,5125469.68539898,NCz$,185,734.80,10.40401429,1989-02-01,63.90,10.34207612
0,0.5,294,Cruzado Novo,5.68053698,4405216.74821386,NCz$,185,734.80,9.44617241,1989-03-01,63.90,9.38993656
6.43105292,0.5,295,Cruzado Novo,5.35441389,4159789.18470133,NCz$,185,734.80,8.9038619,1989-04-01,63.90,8.85085458
5.99319168,0.5,296,Cruzado Novo,4.98985612,3849518.0325194,NCz$,185,936.00,8.29763831,1989-05-01,81.40,8.24824001
5.45146558,0.5,297,Cruzado Novo,4.53882177,3299492.61296801,NCz$,185,936.00,7.54761269,1989-06-01,81.40,7.50267953
4.36723527,0.5,298,Cruzado Novo,3.63610523,2549839.73250734,NCz$,180,1500.00,6.0461106,1989-07-01,149.80,6.01011632
3.3914069,0.5,299,Cruzado Novo,2.82364279,2001444.05968535,NCz$,180,1931.40,4.69566461,1989-08-01,192.88,4.66770993
2.62209083,0.5,300,Cruzado Novo,2.1831199,1502811.27790297,NCz$,100,2498.07,3.63044763,1989-09-01,249.47,3.6088345
1.92877186,0.5,301,Cruzado Novo,1.60587123,1102171.82095259,NCz$,100,3396.13,2.67040539,1989-10-01,381.73,2.65450767
1.40150895,0.5,302,Cruzado Novo,1.16687875,794300.822254141,NCz$,100,4673.75,1.94040422,1989-11-01,557.33,1.92885242
0.9910227,0.5,303,Cruzado Novo,0.82511305,534990.787520492,NCz$,100,6609.62,1.37208157,1989-12-01,788.18,1.36391317
0.64540717,0.0000,304,Cruzado Novo,0.53735791,353642.773384708,NCz$,100,10149.07,0.89357317,1990-01-01,1283.95,0.88825346
0.41343236,0.0000,305,Cruzado Novo,0.34421859,210263.852316039,NCz$,100,15843.71,0.57240154,1990-02-01,2004.37,0.56899386
0.23928214,0.0000,306,Cruzado Novo,0.1992233,120848.239784469,NCz$,100,27374.76,0.33128868,1990-03-01,3674.06,0.32931643
0.12981887,0.0000,307,Cruzeiro,0.10808556,66334.5261738069,Cr$,100,27374.76,0.17973561,1990-04-01,3674.06,0.1786656
0.08965392,0.0000,308,Cruzeiro,0.07464472,57848.1958459959,Cr$,100,27374.76,0.12412681,1990-05-01,3674.06,0.12338784
0.08311293,0.0000,309,Cruzeiro,0.06919878,53907.5536788619,Cr$,100,28847.52,0.11507074,1990-06-01,3857.76,0.11438569
0.07582605,0.0000,310,Cruzeiro,0.06313182,48286.9524120653,Cr$,100,36676.74,0.10503947,1990-07-01,4904.76,0.10441414
0.06844124,0.0000,311,Cruzeiro,0.05698332,42876.0010688308,Cr$,100,38910.35,0.09302114,1990-08-01,5203.46,0.09246736
0.06189294,0.0000,312,Cruzeiro,0.05153128,38220.7176585009,Cr$,100,45287.76,0.08303235,1990-09-01,6056.31,0.08253803
0.05484532,0.0000,313,Cruzeiro,0.04566352,33450.6543456499,Cr$,100,48045.78,0.07363635,1990-10-01,6425.14,0.07319797
0.04823264,0.0000,314,Cruzeiro,0.04015789,29232.4166307982,Cr$,100,62286.55,0.06448017,1990-11-01,8329.55,0.0640963
0.04135171,0.0000,315,Cruzeiro,0.03442892,25002.066910773,Cr$,100,66079.80,0.05578834,1990-12-01,8836.82,0.05545622
0.03463583,0.0000,316,Cruzeiro,0.02883736,20985.4514940923,Cr$,100,92168.11,0.04715836,1991-01-01,12325.60,0.04687761
0.02881277,0.0000,317,Cruzeiro,0.02398915,17350.5179780832,Cr$,100,118859.99,0.03932813,1991-02-01,15895.46,0.039094
0.02364221,0.0000,318,Cruzeiro,0.01968421,14434.707137203,Cr$,100,127120.76,0.03227056,1991-03-01,17000.00,0.03207844
0.02114878,0.0000,319,Cruzeiro,0.0176082,12912.3420141335,Cr$,100,127120.76,0.02886713,1991-04-01,17000.00,0.02869527
0.02013977,0.0000,320,Cruzeiro,0.01676812,12296.2975090564,Cr$,100,127120.76,0.02748988,1991-05-01,17000.00,0.02732623
0.01887868,0.0000,321,Cruzeiro,0.01571815,11526.336306671,Cr$,100,127120.76,0.02576854,1991-06-01,17000.00,0.02561514
0.01703391,0.0000,322,Cruzeiro,0.01418222,10400.0163510049,Cr$,100,127120.76,0.02325051,1991-07-01,17000.00,0.0231121
0.01518985,0.0000,323,Cruzeiro,0.01264688,9274.13621421094,Cr$,100,170000.00,0.02073347,1991-08-01,17000.00,0.02061004
0.01313774,0.0000,324,Cruzeiro,0.01093832,8021.22142766861,Cr$,100,420002.00,0.01793242,1991-09-01,42000.00,0.01782567
0.01136287,0.0000,325,Cruzeiro,0.00946058,6937.57258987869,Cr$,100,420002.00,0.01550979,1991-10-01,42000.00,0.01541746
0.00938459,0.0000,326,Cruzeiro,0.00781349,5729.74280556119,Cr$,100,420002.00,0.01280954,1991-11-01,42000.00,0.01273328
0.00741983,0.0000,327,Cruzeiro,0.00617765,4530.19300041651,Cr$,100,420002.00,0.01012772,1991-12-01,42000.00,0.01006743
0.0059765,0.0000,328,Cruzeiro,0.00497596,3648.93798762391,Cr$,100,923262.76,0.00815765,1992-01-01,96037.33,0.00810909
0.00474627,0.0000,329,Cruzeiro,0.00395168,2897.82241669183,Cr$,100,923262.76,0.00647844,1992-02-01,96037.33,0.00643987
0.00381288,0.0000,330,Cruzeiro,0.00317455,2327.94217377664,Cr$,100,923262.76,0.0052044,1992-03-01,96037.33,0.00517342
0.00313506,0.0000,331,Cruzeiro,0.00261022,1914.11130762352,Cr$,100,923262.76,0.00427923,1992-04-01,96037.33,0.00425376
0.00259439,0.0000,332,Cruzeiro,0.00216006,1584.00472373534,Cr$,100,2126842.49,0.00354124,1992-05-01,230000.00,0.00352016
0.00208386,0.0000,333,Cruzeiro,0.00173499,1272.29295078633,Cr$,100,2126842.49,0.00284437,1992-06-01,230000.00,0.00282743
0.00172434,0.0000,334,Cruzeiro,0.00143566,1052.78688530526,Cr$,100,2126842.49,0.00235363,1992-07-01,230000.00,0.00233962
0.00141247,0.0000,335,Cruzeiro,0.001176,862.374578345342,Cr$,100,2126842.49,0.00192794,1992-08-01,230000.00,0.00191647
0.00115416,0.0000,336,Cruzeiro,0.00096094,704.669536217174,Cr$,100,4780863.30,0.00157538,1992-09-01,522186.94,0.001566
0.00093093,0.0000,337,Cruzeiro,0.00077508,568.373557127308,Cr$,100,4780863.30,0.00127067,1992-10-01,522186.94,0.0012631
0.00073842,0.0000,338,Cruzeiro,0.0006148,450.839658314322,Cr$,100,4780863.30,0.00100791,1992-11-01,522186.94,0.00100191
0.00060087,0.0000,339,Cruzeiro,0.00050028,366.864397677208,Cr$,100,4780863.30,0.00082017,1992-12-01,522186.94,0.00081529
0.00047849,0.0000,340,Cruzeiro,0.00039838,292.136007070267,Cr$,100,11532054.23,0.00065311,1993-01-01,1250700.00,0.00064922
0.00037407,0.0000,341,Cruzeiro,0.00031145,228.391843447718,Cr$,100,11532054.23,0.0005106,1993-02-01,1250700.00,0.00050756
0.00029715,0.0000,342,Cruzeiro,0.0002474,181.421751941252,Cr$,100,15760858.52,0.00040559,1993-03-01,1709400.00,0.00040318
0.00023421,0.0000,343,Cruzeiro,0.000195,142.9981492357,Cr$,100,15760858.52,0.00031969,1993-04-01,1709400.00,0.00031779
0.00018262,0.0000,344,Cruzeiro,0.00015205,111.499531566913,Cr$,100,30214732.09,0.00024927,1993-05-01,3303300.00,0.00024779
0.00014225,0.0000,345,Cruzeiro,0.00011843,86.8444049926811,Cr$,100,30214732.09,0.00019415,1993-06-01,3303300.00,0.000193
0.00010913,0.0000,346,Cruzeiro,"0,09086",66.629127654421,Cr$,100,42439310.55,0.00014896,1993-07-01,4639800.00,0.00014807
0.08442679,0.0000,347,Cruzeiro Real,0.07029268,51.5465941915043,CR$,100,50613.12,0.11523875,1993-08-01,5534.00,0.1145527
0.06385326,0.0000,348,Cruzeiro Real,0.05316342,38.9854743635771,CR$,100,86414.97,0.08715683,1993-09-01,9606.00,0.08663796
0.04723924,0.0000,349,Cruzeiro Real,0.03933079,28.8418098311174,CR$,100,108165.62,0.06447942,1993-10-01,12024.00,0.06409555
0.03501276,0.0000,350,Cruzeiro Real,0.02915119,21.3769714102783,CR$,100,135120.49,0.04779085,1993-11-01,15021.00,0.04750634
0.02595652,0.0000,351,Cruzeiro Real,0.02161108,15.8477065891167,CR$,100,168751.08,0.0354295,1993-12-01,18760.00,0.03521858
0.0188981,0.0000,352,Cruzeiro Real,0.01573432,11.5381919111398,CR$,100,295795.39,0.02579505,1994-01-01,32882.00,0.02564148
0.01347457,0.0000,353,Cruzeiro Real,0.01121876,8.22687480290345,CR$,100,385273.50,0.01839219,1994-02-01,42829.00,0.0182827
0.00964745,0.0000,354,Cruzeiro Real,0.00803234,8.22687480290345,URV,100,582.86,0.01316832,1994-03-01,64.79,0.01308992
0.00660716,0.0000,355,Cruzeiro Real,0.00550104,8.22687480290345,URV,100,582.86,0.00901847,1994-04-01,64.79,0.00896478
0.0046465,0.0000,356,Cruzeiro Real,0.00386862,8.22687480290345,URV,100,582.86,0.00634226,1994-05-01,64.79,0.0063045
0.00322295,0.0000,357,Cruzeiro Real,0.00268339,8.22687480290345,URV,100,582.86,0.00439937,1994-06-01,64.79,0.00437318
6.15159265,0.0000,358,Real,5.12173878,8.22785901297786,R$,100,582.86,8.39664702,1994-07-01,64.79,8.3466593
5.79901267,0.0000,359,Real,4.82818512,7.75627768822308,R$,100,582.86,7.91539124,1994-08-01,64.79,7.86826857
5.49877932,0.0000,360,Real,4.5782146,7.3547106452383,R$,100,582.86,7.50558623,1994-09-01,70.00,7.46090326
5.41698288,0.0000,361,Real,4.51011191,7.2453064891634,R$,100,582.86,7.39393777,1994-10-01,70.00,7.34991947
5.31806684,0.0000,362,Real,4.42775566,7.11300424880895,R$,100,582.86,7.25892182,1994-11-01,70.00,7.21570732
5.14967255,0.0000,363,Real,4.28755269,6.88777381788231,R$,100,582.86,7.02907119,1994-12-01,70.00,6.98722506
5.03931161,0.0000,364,Real,4.19566756,6.7401653079913,R$,100,582.86,6.8784335,1995-01-01,70.00,6.83748415
4.95653745,0.0000,365,Real,4.12675083,6.62945299137705,R$,100,582.86,6.76545048,1995-02-01,70.00,6.72517375
4.90794876,0.0000,366,Real,4.08629649,6.56446431425975,R$,100,582.86,6.6991291,1995-03-01,70.00,6.6592472
4.83970886,0.0000,367,Real,4.02948081,6.47319242372527,R$,100,582.86,6.60598472,1995-04-01,70.00,6.56665734
4.74853695,0.0000,368,Real,3.95357223,6.35124865215774,R$,100,832.66,6.48153916,1995-05-01,100.00,6.44295265
4.62955733,0.0000,369,Real,3.85451129,6.19211197751369,R$,100,832.66,6.31913733,1995-06-01,100.00,6.28151764
4.54680547,0.0000,370,Real,3.78561313,6.08142999123452,R$,100,832.66,6.20618477,1995-07-01,100.00,6.16923752
4.43763953,0.0000,371,Real,3.69472294,5.9354184394213,R$,100,832.66,6.05717819,1995-08-01,100.00,6.02111802
4.39283265,0.0000,372,Real,3.65741729,5.87548833471222,R$,100,832.66,5.9960188,1995-09-01,100.00,5.96032272
4.34203088,0.0000,373,Real,3.61512038,5.80754047185871,R$,100,832.66,5.92667668,1995-10-01,100.00,5.89139342
4.28208173,0.0000,374,Real,3.56520747,5.72735761557365,R$,100,832.66,5.8448488,1995-11-01,100.00,5.81005268
4.21838413,0.0000,375,Real,3.51217365,5.64216102302788,R$,100,832.66,5.75790444,1995-12-01,100.00,5.72362593
4.1499106,0.0000,376,Real,3.45516345,5.55057527946078,R$,100,832.66,5.66444116,1996-01-01,100.00,5.63071907
4.09019378,0.0000,377,Real,3.40544397,5.47070363878789,R$,100,832.66,5.58293038,1996-02-01,100.00,5.54969354
4.06135814,0.0000,378,Real,3.38143578,5.43213532095076,R$,100,832.66,5.54357102,1996-03-01,100.00,5.51056851
4.04961426,0.0000,379,Real,3.37165797,5.41642816350698,R$,100,832.66,5.52754115,1996-04-01,100.00,5.49463407
4.01229986,0.0000,380,Real,3.34059048,5.37877634927353,R$,100,957.56,5.47660869,1996-05-01,112.00,5.44400482
3.94600695,0.0000,381,Real,3.28539583,5.28990583005171,R$,100,957.56,5.38612184,1996-06-01,112.00,5.35405667
3.89844591,0.0000,382,Real,3.2457971,5.22614750957071,R$,100,957.56,5.32120317,1996-07-01,112.00,5.28952447
3.85641103,0.0000,383,Real,3.21079939,5.16979638440175,R$,200,957.56,5.26382745,1996-08-01,112.00,5.23249033
3.85641103,0.0000,384,Real,3.21079939,5.16958934689703,R$,200,957.56,5.26382745,1996-09-01,112.00,5.23249033
3.85140421,0.0000,385,Real,3.20663077,5.16287711187153,R$,200,957.56,5.25699336,1996-10-01,112.00,5.22569692
3.84294972,0.0000,386,Real,3.19959167,5.15154411623121,R$,200,957.56,5.24545336,1996-11-01,112.00,5.21422562
3.8322195,0.0000,387,Real,3.19065783,5.13715962513922,R$,200,957.56,5.2308071,1996-12-01,112.00,5.19966656
3.79879016,0.0000,388,Real,3.16282497,5.09234721440507,R$,200,957.56,5.18517754,1997-01-01,112.00,5.15430864
3.73970284,0.0000,389,Real,3.11362962,5.01314020368363,R$,200,957.56,5.10452602,1997-02-01,112.00,5.07413727
3.72406178,0.0000,390,Real,3.10060707,4.9921727111678,R$,200,957.56,5.08317668,1997-03-01,112.00,5.05291503
3.68135803,0.0000,391,Real,3.06505246,4.93492750046892,R$,200,957.56,5.02488798,1997-04-01,112.00,4.99497334
3.65976541,0.0000,392,Real,3.04707472,4.90598181111531,R$,200,957.56,4.99541503,1997-05-01,120.00,4.96567585
3.64881896,0.0000,393,Real,3.03796084,4.89130852248489,R$,200,1031.87,4.98047361,1997-06-01,120.00,4.95082338
3.62345477,0.0000,394,Real,3.01684294,4.8573068981435,R$,200,1031.87,4.94585264,1997-07-01,120.00,4.91640852
3.6201966,0.0000,395,Real,3.01413022,4.85293932989114,R$,200,1031.87,4.94140538,1997-08-01,120.00,4.91198773
3.62164524,0.0000,396,Real,3.01533635,4.85293932989114,R$,200,1031.87,4.94338273,1997-09-01,120.00,4.91395331
3.60040288,0.0000,397,Real,2.99765022,4.82447496976824,R$,200,1031.87,4.91438784,1997-10-01,120.00,4.88513104
3.58820299,0.0000,398,Real,2.98749274,4.80812823786721,R$,200,1031.87,4.89773554,1997-11-01,120.00,4.86857788
3.55866606,0.0000,399,Real,2.96290067,4.76854846929047,R$,200,1031.87,4.85741897,1997-12-01,120.00,4.82850132
3.53427954,0.0000,400,Real,2.94259675,4.73587083001109,R$,200,1031.87,4.82413245,1998-01-01,120.00,4.79541297
3.50344919,0.0000,401,Real,2.91692779,4.69455959491402,R$,200,1031.87,4.78205041,1998-02-01,120.00,4.75358145
3.50274863,0.0000,402,Real,2.91634452,4.69362067323658,R$,200,1031.87,4.78109419,1998-03-01,120.00,4.75263092
3.4947108,0.0000,403,Real,2.90965232,4.68284944815046,R$,200,1031.87,4.77012291,1998-04-01,120.00,4.74172496
3.49925983,0.0000,404,Real,2.91343979,4.68284944815046,R$,200,1031.87,4.77633214,1998-05-01,130.00,4.74789722
3.49122999,0.0000,405,Real,2.90675425,4.67210327855854,R$,200,1081.50,4.76537178,1998-06-01,130.00,4.73700212
3.48148185,0.0000,406,Real,2.89863807,4.65905859705121,R$,200,1081.50,4.752066,1998-07-01,130.00,4.72377555
3.49476195,0.0000,407,Real,2.90969491,4.65905859705121,R$,200,1081.50,4.77019273,1998-08-01,130.00,4.74179436
3.50071316,0.0000,408,Real,2.91464981,4.65905859705121,R$,200,1081.50,4.77831587,1998-09-01,130.00,4.74986914
3.50141345,0.0000,409,Real,2.91523286,4.65905859705121,R$,200,1081.50,4.77927172,1998-10-01,130.00,4.75081931
3.50246418,0.0000,410,Real,2.91610769,4.65905859705121,R$,200,1081.50,4.78070593,1998-11-01,130.00,4.75224498
3.50877999,0.0000,411,Real,2.92136615,4.65905859705121,R$,200,1081.50,4.78932672,1998-12-01,130.00,4.76081445
3.47472766,0.0000,412,Real,2.89301461,4.6138426609894,R$,200,1200.00,4.74284682,1999-01-01,130.00,4.71461126
3.4352226,0.0000,413,Real,2.86012319,4.56138700581364,R$,200,1200.00,4.6889242,1999-02-01,130.00,4.66100964
3.28918288,0.0000,414,Real,2.73853235,4.36747066779773,R$,200,1200.00,4.48958655,1999-03-01,130.00,4.46285872
3.2253215,0.0000,415,Real,2.68536218,4.2825915831744,R$,200,1200.00,4.40241866,1999-04-01,130.00,4.37620976
3.22435421,0.0000,416,Real,2.68455682,4.28138922069359,R$,200,1200.00,4.40109833,1999-05-01,136.00,4.37489729
3.23535441,0.0000,417,Real,2.69371545,4.28138922069359,R$,200,1255.32,4.41611312,1999-06-01,136.00,4.38982269
3.202687,0.0000,418,Real,2.66651697,4.23816058093501,R$,200,1255.32,4.37152358,1999-07-01,136.00,4.34549861
3.15256128,0.0000,419,Real,2.62478293,4.17182813810238,R$,200,1255.32,4.30310422,1999-08-01,136.00,4.27748657
3.1075025,0.0000,420,Real,2.58726755,4.11220133674415,R$,200,1255.32,4.24160101,1999-09-01,136.00,4.2163495
3.06248398,0.0000,421,Real,2.5497857,4.05262860250499,R$,200,1255.32,4.18015276,1999-10-01,136.00,4.15526708
3.00567668,0.0000,422,Real,2.50248866,3.97745420763974,R$,200,1255.32,4.10261337,1999-11-01,136.00,4.0781893
2.93150949,0.0000,423,Real,2.44073799,3.87930788072257,R$,200,1255.32,4.00137849,1999-12-01,136.00,3.9775571
2.89589004,0.0000,424,Real,2.41108168,3.8321719025788,R$,200,1255.32,3.95275955,2000-01-01,136.00,3.9292276
2.86665022,0.0000,425,Real,2.38673697,3.79347830727066,R$,200,1255.32,3.91284849,2000-02-01,136.00,3.88955415
2.86121391,0.0000,426,Real,2.38221077,3.78628474301444,R$,200,1255.32,3.90542818,2000-03-01,136.00,3.88217801
2.85607298,0.0000,427,Real,2.37793049,3.77948151698368,R$,200,1255.32,3.89841104,2000-04-01,151.00,3.87520265
2.85236491,0.0000,428,Real,2.3748432,3.77457459625088,R$,200,1255.32,3.89334969,2000-05-01,151.00,3.87017143
2.83338124,0.0000,429,Real,2.35903764,3.74945316653852,R$,200,1328.25,3.86743785,2000-06-01,151.00,3.84441385
2.80727361,0.0000,430,Real,2.33730075,3.71490427745536,R$,200,1328.25,3.83180209,2000-07-01,151.00,3.80899024
2.74523138,0.0000,431,Real,2.28564517,3.63280269779856,R$,200,1328.25,3.74711724,2000-08-01,151.00,3.72480955
2.69616125,0.0000,432,Real,2.24478999,3.56786808780032,R$,200,1328.25,3.68013872,2000-09-01,151.00,3.65822977
2.67768522,0.0000,433,Real,2.22940708,3.54341788159051,R$,200,1328.25,3.65491977,2000-10-01,151.00,3.63316096
2.66781429,0.0000,434,Real,2.22118868,3.5303560568503,R$,200,1328.25,3.64144642,2000-11-01,151.00,3.61976781
2.65745024,0.0000,435,Real,2.2125597,3.51664147055064,R$,200,1328.25,3.62729995,2000-12-01,151.00,3.60570556
2.63740596,0.0000,436,Real,2.19587108,3.49011693316301,R$,200,1328.25,3.5999404,2001-01-01,151.00,3.5785089
2.62454569,0.0000,437,Real,2.18516378,3.47309765904921,R$,200,1328.25,3.58238671,2001-02-01,151.00,3.5610597
2.61565246,0.0000,438,Real,2.17775939,3.46132948903592,R$,200,1328.25,3.57024787,2001-03-01,151.00,3.54899313
2.59489333,0.0000,439,Real,2.16047559,3.43385811770953,R$,200,1328.25,3.54191257,2001-04-01,180.00,3.52082651
2.56589866,0.0000,440,Real,2.136335,3.395490243826,R$,200,1328.25,3.50233617,2001-05-01,180.00,3.48148573
2.55465817,0.0000,441,Real,2.12697631,3.38061519253175,R$,200,1430.00,3.4869934,2001-06-01,180.00,3.46623429
2.51789688,0.0000,442,Real,2.09636932,3.33196797247458,R$,200,1430.00,3.43681588,2001-07-01,180.00,3.4163555
2.47775721,0.0000,443,Real,2.06294953,3.27885032476781,R$,200,1430.00,3.38202705,2001-08-01,180.00,3.36189284
2.45565631,0.0000,444,Real,2.0445486,3.24960396948378,R$,200,1430.00,3.3518603,2001-09-01,180.00,3.33190569
2.44636013,0.0000,445,Real,2.03680872,3.23730304054116,R$,200,1430.00,3.33917145,2001-10-01,180.00,3.31929238
2.4113949,0.0000,446,Real,2.00769711,3.19103213630245,R$,200,1430.00,3.29144549,2001-11-01,180.00,3.27185054
2.39320654,0.0000,447,Real,1.99255371,3.16696435605676,R$,200,1430.00,3.26661919,2001-12-01,180.00,3.24717204
2.3889065,0.0000,448,Real,1.98897355,3.16127412145262,R$,200,1430.00,3.26074984,2002-01-01,180.00,3.24133763
2.38437619,0.0000,449,Real,1.98520167,3.15527794607718,R$,200,1430.00,3.25456616,2002-02-01,180.00,3.23519077
2.38009202,0.0000,450,Real,1.98163473,3.14960881083659,R$,200,1430.00,3.24871847,2002-03-01,180.00,3.22937789
2.37747681,0.0000,451,Real,1.97945733,3.14614851521636,R$,200,1430.00,3.2451488,2002-04-01,200.00,3.22582947
2.36095015,0.0000,452,Real,1.96569744,3.12427902490928,R$,200,1430.00,3.22259067,2002-05-01,200.00,3.20340563
2.33503131,0.0000,453,Real,1.94411774,3.08997937205792,R$,200,1561.56,3.18721261,2002-06-01,200.00,3.16823819
2.29509662,0.0000,454,Real,1.91086862,3.0371333786567,R$,200,1561.56,3.13270357,2002-07-01,200.00,3.11405366
2.24899228,0.0000,455,Real,1.87248273,2.97612325027651,R$,200,1561.56,3.06977322,2002-08-01,200.00,3.05149795
2.19713978,0.0000,456,Real,1.82931099,2.90750548263068,R$,200,1561.56,2.99899689,2002-09-01,200.00,2.98114298
2.14062722,0.0000,457,Real,1.78225934,2.83272142599089,R$,200,1561.56,2.92185979,2002-10-01,200.00,2.9044651
2.05414761,0.0000,458,Real,1.7102575,2.71828243429175,R$,200,1561.56,2.80381901,2002-11-01,200.00,2.78712705
1.94080462,0.0000,459,Real,1.61588955,2.56829365245162,R$,200,1561.56,2.64911093,2002-12-01,200.00,2.63333999
1.88978055,0.0000,460,Real,1.57340755,2.50077305170977,R$,200,1561.56,2.57946537,2003-01-01,200.00,2.56410905
1.84964328,0.0000,461,Real,1.53998977,2.44766028323082,R$,200,1561.56,2.52467982,2003-02-01,200.00,2.50964965
1.82069424,0.0000,462,Real,1.51588716,2.40935082821008,R$,200,1561.56,2.48516568,2003-03-01,200.00,2.47037076
1.79096423,0.0000,463,Real,1.49113433,2.37000842747315,R$,200,1561.56,2.44458556,2003-04-01,240.00,2.43003222
1.78365128,0.0000,464,Real,1.48504565,2.36033041316034,R$,200,1561.56,2.43460369,2003-05-01,240.00,2.42010977
1.79568235,0.0000,465,Real,1.49506257,2.37625120165994,R$,200,1869.34,2.45102556,2003-06-01,240.00,2.43643388
1.80834073,0.0000,466,Real,1.50560178,2.39300277759884,R$,200,1869.34,2.46830368,2003-07-01,240.00,2.45360914
1.81196466,0.0000,467,Real,1.50861902,2.39779760796284,R$,200,1869.34,2.47325018,2003-08-01,240.00,2.45852619
1.8007997,0.0000,468,Real,1.49932321,2.38302409735562,R$,200,1869.34,2.45801052,2003-09-01,240.00,2.44337726
1.78208778,0.0000,469,Real,1.4837439,2.3582613568234,R$,200,1869.34,2.43246959,2003-10-01,240.00,2.41798838
1.77428094,0.0000,470,Real,1.47724403,2.34793058095113,R$,200,1869.34,2.42181361,2003-11-01,240.00,2.40739584
1.76580508,0.0000,471,Real,1.47018713,2.33671495052049,R$,200,1869.34,2.41024443,2003-12-01,240.00,2.39589554
1.75527344,0.0000,472,Real,1.46141862,2.32277750219346,R$,200,2400.00,2.39586922,2004-01-01,240.00,2.3816059
1.7413427,0.0000,473,Real,1.44982006,2.30434325201241,R$,200,2400.00,2.37685438,2004-02-01,240.00,2.36270427
1.72273713,0.0000,474,Real,1.4343293,2.29539052832121,R$,200,2400.00,2.35145863,2004-03-01,240.00,2.3374597
1.7068633,0.0000,475,Real,1.42111295,2.28238145198985,R$,200,2400.00,2.32979157,2004-04-01,240.00,2.31592163
1.68745755,0.0000,476,Real,1.40495596,2.27306212685718,R$,200,2508.72,2.30330358,2004-05-01,260.00,2.28959133
1.66317519,0.0000,477,Real,1.38473877,2.26400654376874,R$,200,2508.72,2.27015925,2004-06-01,260.00,2.25664432
1.64199347,0.0000,478,Real,1.36710314,2.25274212105993,R$,200,2508.72,2.24124716,2004-07-01,260.00,2.22790436
1.62348573,0.0000,479,Real,1.35169383,2.23641648852244,R$,200,2508.72,2.21598494,2004-08-01,260.00,2.20279252
1.60249307,0.0000,480,Real,1.33421561,2.22529053038684,R$,200,2508.72,2.1873309,2004-09-01,260.00,2.17430907
1.59483785,0.0000,481,Real,1.32784196,2.22151374431355,R$,200,2508.72,2.17688187,2004-10-01,260.00,2.16392225
1.58642977,0.0000,482,Real,1.3208415,2.21774355179137,R$,200,2508.72,2.16540522,2004-11-01,260.00,2.15251392
1.57352685,0.0000,483,Real,1.31009869,2.20802861359236,R$,200,2508.72,2.14779332,2004-12-01,260.00,2.13500687
1.56538684,0.0000,484,Real,1.30332142,2.18920138776542,R$,200,2508.72,2.13668257,2005-01-01,260.00,2.12396226
1.56023806,0.0000,485,Real,1.29903461,2.17679364329488,R$,200,2508.72,2.12965471,2005-02-01,260.00,2.11697624
1.55402197,0.0000,486,Real,1.29385917,2.16725673097573,R$,200,2508.72,2.12117003,2005-03-01,260.00,2.10854207
1.53878796,0.0000,487,Real,1.28117553,2.15155089224218,R$,200,2508.72,2.1003763,2005-04-01,260.00,2.08787214
1.53097996,0.0000,488,Real,1.27467469,2.13214870875882,R$,200,2668.15,2.08971873,2005-05-01,300.00,2.07727802
1.53481702,0.0000,489,Real,1.27786937,2.11732640587341,R$,200,2668.15,2.09495612,2005-06-01,300.00,2.08248423
1.54175491,0.0000,490,Real,1.28364577,2.11965920425458,R$,200,2668.15,2.10442604,2005-07-01,300.00,2.09189777
1.5479467,0.0000,491,Real,1.28880098,2.119023585928,R$,200,2668.15,2.11287755,2005-08-01,300.00,2.10029897
1.56027286,0.0000,492,Real,1.29906358,2.119023585928,R$,200,2668.15,2.1297022,2005-09-01,300.00,2.11702345
1.56230384,0.0000,493,Real,1.30075456,2.11584945042576,R$,200,2668.15,2.13247442,2005-10-01,300.00,2.11977917
1.55252295,0.0000,494,Real,1.29261111,2.10364742474972,R$,200,2668.15,2.11912394,2005-11-01,300.00,2.10650816
1.54741647,0.0000,495,Real,1.28835952,2.09234871557515,R$,200,2668.15,2.11215383,2005-12-01,300.00,2.09957955
1.54633404,0.0000,496,Real,1.2874583,2.08401314826744,R$,200,2668.15,2.11067635,2006-01-01,300.00,2.09811087
1.53528003,0.0000,497,Real,1.27825487,2.07612462372469,R$,200,2668.15,2.09558812,2006-02-01,300.00,2.08311246
1.53620175,0.0000,498,Real,1.27902228,2.07136012369578,R$,200,2668.15,2.09684623,2006-03-01,300.00,2.08436308
1.54314591,0.0000,499,Real,1.2848039,2.06578197946044,R$,200,2801.82,2.10632469,2006-04-01,350.00,2.09378512
1.54283734,0.0000,500,Real,1.28454699,2.06330676037539,R$,200,2801.82,2.10590351,2006-05-01,350.00,2.09336644
1.53699675,0.0000,501,Real,1.27968419,2.06062714120608,R$,200,2801.82,2.09793137,2006-06-01,350.00,2.08544176
1.52676741,0.0000,502,Real,1.27116737,2.0620711288982,R$,200,2801.82,2.08396878,2006-07-01,350.00,2.0715623
1.52417631,0.0000,503,Real,1.26901005,2.05980558473832,R$,200,2801.82,2.08043204,2006-08-01,350.00,2.06804662
1.51795269,0.0000,504,Real,1.26382835,2.06021702232731,R$,200,2801.82,2.0719371,2006-09-01,350.00,2.05960225
1.51552786,0.0000,505,Real,1.26180946,2.05692552161539,R$,200,2801.82,2.0686273,2006-10-01,350.00,2.05631215
1.50903899,0.0000,506,Real,1.25640691,2.04811917475874,R$,200,2801.82,2.05977029,2006-11-01,350.00,2.04750786
1.50272754,0.0000,507,Real,1.25115207,2.03955283316233,R$,200,2801.82,2.05115543,2006-12-01,350.00,2.0389443
1.49346804,0.0000,508,Real,1.24344273,2.02698552475505,R$,200,2801.82,2.03851663,2007-01-01,350.00,2.02638074
1.48618573,0.0000,509,Real,1.23737957,2.01710179164774,R$,200,2801.82,2.0285766,2007-02-01,350.00,2.01649989
1.47996985,0.0000,510,Real,1.23220431,2.00866584156853,R$,200,2801.82,2.02009222,2007-03-01,350.00,2.00806601
1.47348651,0.0000,511,Real,1.22680636,1.99986606416062,R$,200,2894.28,2.01124275,2007-04-01,380.00,1.99926923
1.46966538,0.0000,512,Real,1.22362494,1.99468033486954,R$,200,2894.28,2.00602708,2007-05-01,380.00,1.99408461
1.46585416,0.0000,513,Real,1.22045176,1.98950688433763,R$,200,2894.28,2.00082493,2007-06-01,380.00,1.98891343
1.46132405,0.0000,514,Real,1.21668005,1.98335931891126,R$,200,2894.28,1.99464155,2007-07-01,380.00,1.98276685
1.45666274,0.0000,515,Real,1.2127991,1.97703030071044,R$,200,2894.28,1.98827905,2007-08-01,380.00,1.97644224
1.44811883,0.0000,516,Real,1.20568555,1.96543642343719,R$,200,2894.28,1.97661701,2007-09-01,380.00,1.96484963
1.44450756,0.0000,517,Real,1.20267885,1.96053446991368,R$,200,2894.28,1.97168779,2007-10-01,380.00,1.95994975
1.440187,0.0000,518,Real,1.19908161,1.95467068025489,R$,200,2894.28,1.96579042,2007-11-01,380.00,1.95408749
1.4340207,0.0000,519,Real,1.19394763,1.94630202372463,R$,200,2894.28,1.95737371,2007-12-01,380.00,1.94572089
1.42024434,0.0000,520,Real,1.1824776,1.92760420211603,R$,200,2894.28,1.93856959,2008-01-01,380.00,1.92702871
1.41051182,0.0000,521,Real,1.17437442,1.91439498585814,R$,200,2894.28,1.92528512,2008-02-01,380.00,1.91382333
1.4037737,0.0000,522,Real,1.16876435,1.90468112304506,R$,200,3038.99,1.9160879,2008-03-01,415.00,1.90468086
1.39665079,0.0000,523,Real,1.1628339,1.89501637526868,R$,200,3038.99,1.90636544,2008-04-01,415.00,1.89501628
1.38776905,0.0000,524,Real,1.15543909,1.88296545529285,R$,200,3038.99,1.89424229,2008-05-01,415.00,1.8829653
1.37457314,0.0000,525,Real,1.14445234,1.86506029580425,R$,200,3038.99,1.87623047,2008-06-01,415.00,1.86506072
1.36217734,0.0000,526,Real,1.13413174,1.84824112434925,R$,200,3038.99,1.85931074,2008-07-01,415.00,1.84824172
1.35432226,0.0000,527,Real,1.12759171,1.83758316138636,R$,200,3038.99,1.84858893,2008-08-01,415.00,1.83758373
1.35148415,0.0000,528,Real,1.12522873,1.83373308823208,R$,200,3038.99,1.84471503,2008-09-01,415.00,1.83373289
1.34945997,0.0000,529,Real,1.12354342,1.83098673909686,R$,200,3038.99,1.8419521,2008-10-01,415.00,1.83098641
1.34274623,0.0000,530,Real,1.11795365,1.82187726409645,R$,200,3038.99,1.83278816,2008-11-01,415.00,1.82187703
1.33766312,0.0000,531,Real,1.11372151,1.81498069436048,R$,200,3038.99,1.82584993,2008-12-01,415.00,1.8149801
1.3337951,0.0000,532,Real,1.11050105,1.80973220696696,R$,200,3038.99,1.82057028,2009-01-01,415.00,1.80973188
1.3253131,0.0000,533,Real,1.10343904,1.79822291670135,R$,200,3218.90,1.80899272,2009-02-01,465.00,1.79822325
1.32121732,0.0000,534,Real,1.10002895,1.7926660960219,R$,200,3218.90,1.80340218,2009-03-01,465.00,1.79266599
1.31858017,0.0000,535,Real,1.09783329,1.78908751987602,R$,200,3218.90,1.79980257,2009-04-01,465.00,1.78908781
1.31136764,0.0000,536,Real,1.09182823,1.77930134881447,R$,200,3218.90,1.7899578,2009-05-01,465.00,1.77930165
1.30354637,0.0000,537,Real,1.08531633,1.76868977227513,R$,200,3218.90,1.77928211,2009-06-01,465.00,1.76868952
1.29809437,0.0000,538,Real,1.08077707,1.76129250202618,R$,200,3218.90,1.77184038,2009-07-01,465.00,1.76129209
1.29673151,0.0000,539,Real,1.07964237,1.75725006164484,R$,200,3218.90,1.76795089,2009-08-01,465.00,1.75725041
1.2964761,0.0000,540,Real,1.07942972,1.7558461901793,R$,200,3218.90,1.76389393,2009-09-01,465.00,1.75584574
1.2964761,0.0000,541,Real,1.07942972,1.75304117586137,R$,200,3218.90,1.76054889,2009-10-01,465.00,1.75304087
1.2964761,0.0000,542,Real,1.07942972,1.74884320453049,R$,200,3218.90,1.75738559,2009-11-01,465.00,1.74884365
1.2964761,0.0000,543,Real,1.07942972,1.74239685596423,R$,200,3218.90,1.74968697,2009-12-01,465.00,1.74239678
1.29578545,0.0000,544,Real,1.07885469,1.73822480645828,R$,200,3467.40,1.74306333,2010-01-01,510.00,1.73822504
1.29578545,0.0000,545,Real,1.07885469,1.72306190318517,R$,200,3467.40,1.73404629,2010-02-01,510.00,1.72306209
1.29578545,0.0000,546,Real,1.07885469,1.71108465576437,R$,200,3467.40,1.71789805,2010-03-01,510.00,1.7110845
1.29475999,0.0000,547,Real,1.07800091,1.69902145702937,R$,200,3467.40,1.70850129,2010-04-01,510.00,1.69902145
1.29475999,0.0000,548,Real,1.07800091,1.68670859019117,R$,200,3467.40,1.70033966,2010-05-01,510.00,1.68670848
1.2941,0.0000,549,Real,1.07745141,1.67948731549038,R$,200,3467.40,1.68969459,2010-06-01,510.00,1.67948668
1.29333824,0.0000,550,Real,1.07681717,1.68133595089933,R$,200,3467.40,1.68649025,2010-07-01,510.00,1.68133615
1.29185132,0.0000,551,Real,1.07557918,1.68251334747344,R$,200,3467.40,1.68800946,2010-08-01,510.00,1.68251391
1.29067808,0.0000,552,Real,1.07460236,1.68369210835413,R$,200,3467.40,1.68885389,2010-09-01,510.00,1.6836925
1.28977266,0.0000,553,Real,1.07384852,1.67464948437589,R$,200,3467.40,1.68363462,2010-10-01,510.00,1.67464939
1.28916417,0.0000,554,Real,1.0733419,1.65938289380309,R$,200,3467.40,1.67326041,2010-11-01,510.00,1.65938307
1.28873117,0.0000,555,Real,1.07298138,1.64246549227469,R$,200,3467.40,1.65899307,2010-12-01,510.00,1.64246567
1.28692175,0.0000,556,Real,1.07147489,1.63266977106713,R$,200,3691.74,1.64762446,2011-01-01,540.00,1.63266965
1.28600226,0.0000,557,Real,1.07070933,1.61746593859677,R$,200,3691.74,1.63519696,2011-02-01,540.00,1.61746548
1.28532874,0.0000,558,Real,1.07014857,1.608778034328,R$,200,3691.74,1.61948793,2011-03-01,545.00,1.60877808
1.28377281,0.0000,559,Real,1.06885312,1.5982292158911,R$,200,3691.74,1.60982896,2011-04-01,545.00,1.59822976
1.28329927,0.0000,560,Real,1.06845886,1.58680451263314,R$,200,3691.74,1.59752799,2011-05-01,545.00,1.58680477
1.28128765,0.0000,561,Real,1.06678401,1.57781100369159,R$,200,3691.74,1.58642303,2011-06-01,545.00,1.57781124
1.27986189,0.0000,562,Real,1.06559694,1.574347029298,R$,200,3691.74,1.58278263,2011-07-01,545.00,1.57434768
1.27829086,0.0000,563,Real,1.06428892,1.574347029298,R$,200,3691.74,1.58120143,2011-08-01,545.00,1.57434768
1.27564263,0.0000,564,Real,1.06208404,1.56776288576767,R$,200,3691.74,1.57694368,2011-09-01,545.00,1.56776307
1.27436445,0.0000,565,Real,1.06101984,1.56073943552023,R$,200,3691.74,1.56862994,2011-10-01,545.00,1.56073974
1.27357483,0.0000,566,Real,1.06036241,1.55576108082853,R$,200,3691.74,1.56206925,2011-11-01,545.00,1.55576131
1.27275391,0.0000,567,Real,1.05967892,1.54694356743515,R$,200,3691.74,1.55491663,2011-12-01,545.00,1.54694373
1.27156246,0.5,568,Real,1.05868693,1.53909471170992,R$,200,3916.20,1.54625759,2012-01-01,622.00,1.53909435
1.27046477,0.5,569,Real,1.05777301,1.53128542087536,R$,200,3916.20,1.53627182,2012-02-01,622.00,1.53128479
1.27046477,0.5,570,Real,1.05777301,1.52533567990234,R$,200,3916.20,1.52817251,2012-03-01,622.00,1.52533598
1.26910937,0.5,571,Real,1.05664452,1.52259478799343,R$,200,3916.20,1.52436161,2012-04-01,622.00,1.52259531
1.26882133,0.5,572,Real,1.05640471,1.51291230423158,R$,200,3916.20,1.51783492,2012-05-01,622.00,1.51291267
1.26822782,0.4828,573,Real,1.05591055,1.50463778485499,R$,200,3916.20,1.51013324,2012-06-01,622.00,1.50463717
1.26822782,0.4828,574,Real,1.05591055,1.50073586805086,R$,200,3916.20,1.50741988,2012-07-01,622.00,1.50073526
1.26804521,0.4551,575,Real,1.05575852,1.49430998408322,R$,200,3916.20,1.50246176,2012-08-01,622.00,1.49430972
1.26788926,0.4273,576,Real,1.05562867,1.48761533172034,R$,200,3916.20,1.49662492,2012-09-01,622.00,1.48761545
1.26788926,0.4273,577,Real,1.05562867,1.47830257504026,R$,200,3916.20,1.48947544,2012-10-01,622.00,1.47830215
1.26788926,0.4134,578,Real,1.05562867,1.46788063711483,R$,200,3916.20,1.47985637,2012-11-01,622.00,1.4678802
1.26788926,0.4134,579,Real,1.05562867,1.45999630941866,R$,200,3916.20,1.47190807,2012-12-01,622.00,1.45999622
1.26788926,0.4134,580,Real,1.05562867,1.44927149543359,R$,200,4159.00,1.4618215,2013-01-01,678.00,1.44927161
1.26788926,0.4134,581,Real,1.05562867,1.43605955056256,R$,200,4159.00,1.44906969,2013-02-01,678.00,1.43605986
1.26788926,0.4134,582,Real,1.05562867,1.42863090126238,R$,200,4159.00,1.43928256,2013-03-01,678.00,1.42863098
1.26788926,0.4134,583,Real,1.05562867,1.42011080670232,R$,200,4159.00,1.43226447,2013-04-01,678.00,1.42011032
1.26788926,0.4273,584,Real,1.05562867,1.41178035075616,R$,200,4159.00,1.42499698,2013-05-01,678.00,1.41178081
1.26788926,0.4551,585,Real,1.05562867,1.40685656832745,R$,200,4159.00,1.41847201,2013-06-01,678.00,1.40685681
1.26788926,0.4551,586,Real,1.05562867,1.40292872969841,R$,200,4159.00,1.41310222,2013-07-01,678.00,1.40292861
1.26762432,0.4828,587,Real,1.05540809,1.40475417189558,R$,200,4159.00,1.41211374,2013-08-01,678.00,1.40475479
1.26762432,0.5,588,Real,1.05540809,1.40251125188649,R$,200,4159.00,1.40985797,2013-09-01,678.00,1.40251078
1.26752418,0.5,589,Real,1.05532472,1.39873485128725,R$,200,4159.00,1.4060616,2013-10-01,678.00,1.39873419
1.26635914,0.5,590,Real,1.05435472,1.39025363946457,R$,200,4159.00,1.39934475,2013-11-01,678.00,1.39025365
1.26609706,0.5,591,Real,1.05413651,1.38278610742701,R$,200,4159.00,1.39141369,2013-12-01,678.00,1.3827866
1.26547191,0.5,592,Real,1.05361602,1.37290170629208,R$,200,4390.24,1.38105577,2014-01-01,724.00,1.37290171
1.2640486,0.5,593,Real,1.05243099,1.36430657487039,R$,200,4390.24,1.37186428,2014-02-01,724.00,1.36430657
1.26337016,0.5,594,Real,1.05186613,1.35563053941812,R$,200,4390.24,1.36232799,2014-03-01,724.00,1.35563054
1.26303419,0.5,595,Real,1.05158641,1.34460478022031,R$,200,4390.24,1.35245507,2014-04-01,724.00,1.34460478
1.26245474,0.5,596,Real,1.05110396,1.33419803554308,R$,200,4390.24,1.34198756,2014-05-01,724.00,1.33419804
1.26169266,0.5,597,Real,1.05046947,1.32624059199113,R$,200,4390.24,1.33424892,2014-06-01,724.00,1.32624059
1.26110626,0.5,598,Real,1.04998123,1.3228013085888,R$,200,4390.24,1.32800728,2014-07-01,724.00,1.32280131
1.25977845,0.5,599,Real,1.04887572,1.32108389951942,R$,200,4390.24,1.3257535,2014-08-01,724.00,1.3210839
1.25902052,0.5,600,Real,1.04824467,1.31871022112141,R$,200,4390.24,1.32390004,2014-09-01,724.00,1.31871022
1.25792235,0.5,601,Real,1.04733035,1.31228004888188,R$,200,4390.24,1.31875689,2014-10-01,724.00,1.31228005
1.25661798,0.5,602,Real,1.04624435,1.30731226228521,R$,200,4390.24,1.3124571,2014-11-01,724.00,1.30731226
1.25601134,0.5,603,Real,1.04573926,1.30042003609391,R$,200,4390.24,1.30748864,2014-12-01,724.00,1.30042004
1.25469014,0.5,604,Real,1.04463925,1.29240711199951,R$,200,4663.75,1.29724044,2015-01-01,788.00,1.29240711
1.25358949,0.5,605,Real,1.04372287,1.27355844698415,R$,200,4663.75,1.28579685,2015-02-01,788.00,1.27355845
1.25337893,0.5,606,Real,1.04354755,1.2589545739266,R$,200,4663.75,1.26892021,2015-03-01,788.00,1.25895457
1.25337888,0.5,607,Real,1.04219686,1.24022714405142,R$,200,4663.75,1.25337832,2015-04-01,788.00,1.24022714
1.2401097,0.5,608,Real,1.04107874,1.23148361041746,R$,200,4663.75,1.24010915,2015-05-01,788.00,1.23148361
1.23271342,0.5,609,Real,1.03987976,1.21941143718929,R$,200,4663.75,1.23271287,2015-06-01,788.00,1.21941144
1.22062919,0.5,610,Real,1.03799787,1.21009371557932,R$,200,4663.75,1.22062865,2015-07-01,788.00,1.21009372
1.21346972,0.5,611,Real,1.03561079,1.20311564483926,R$,200,4663.75,1.21346918,2015-08-01,788.00,1.20311564
1.20827414,0.5,612,Real,1.03368091,1.20011535644814,R$,200,4663.75,1.20827361,2015-09-01,788.00,1.20011536
1.20358018,0.5,613,Real,1.03170004,1.19402582474195,R$,200,4663.75,1.20357964,2015-10-01,788.00,1.19402582
1.19568864,0.5,614,Real,1.0298566,1.18490207873569,R$,200,4663.75,1.1956881,2015-11-01,788.00,1.18490208
1.18561094,0.5,615,Real,1.02852261,1.1718940547282,R$,200,4663.75,1.18561041,2015-12-01,788.00,1.17189405
1.17178389,0.5,616,Real,1.02621372,1.16144108496354,R$,200,5189.82,1.17178337,2016-01-01,880.00,1.16144108
1.16110176,0.5,617,Real,1.0248609,1.14416420546107,R$,200,5189.82,1.16110124,2016-02-01,880.00,1.14416421
1.14484496,0.5,618,Real,1.02388105,1.13339693458254,R$,200,5189.82,1.14484445,2016-03-01,880.00,1.13339693
1.1399432,0.5,619,Real,1.02166608,1.12843183451069,R$,200,5189.82,1.13994269,2016-04-01,880.00,1.12843183
1.13415899,0.5,620,Real,1.02033556,1.12125579740728,R$,200,5189.82,1.13415849,2016-05-01,880.00,1.1212558
1.12448839,0.5,621,Real,1.01877378,1.11037413092422,R$,200,5189.82,1.12448789,2016-06-01,880.00,1.11037413
1.12000836,0.5,622,Real,1.01669667,1.10517978593035,R$,200,5189.82,1.12000786,2016-07-01,880.00,1.10517979
1.1139928,0.5,623,Real,1.01505127,1.09815161559057,R$,200,5189.82,1.1139923,2016-08-01,880.00,1.09815162
1.10900229,0.5,624,Real,1.01247452,1.09475786620534,R$,200,5189.82,1.10900179,2016-09-01,880.00,1.09475787
1.10645743,0.5,625,Real,1.01088238,1.09388275999734,R$,200,5189.82,1.10645694,2016-10-01,880.00,1.09388276
1.10435915,0.5,626,Real,1.00926654,1.0920263152614,R$,200,5189.82,1.10435866,2016-11-01,880.00,1.09202632
1.10149526,0.5,627,Real,1.00782737,1.0912624315593,R$,200,5189.82,1.10149477,2016-12-01,880.00,1.09126243
1.09940639,0.5,628,Real,1.00596733,1.08973680003925,R$,200,5531.31,1.0994059,2017-01-01,937.00,1.0897368
1.09600876,0.5,629,Real,1.00426009,1.08517904803749,R$,200,5531.31,1.09600828,2017-02-01,937.00,1.08517905
1.09012211,0.5,630,Real,1.0039569,1.08258085398792,R$,200,5531.31,1.09012162,2017-03-01,937.00,1.08258085
1.08848937,0.5,631,Real,1.0024342,1.07912764552225,R$,200,5531.31,1.08848889,2017-04-01,937.00,1.07912765
1.08620833,0.5,632,Real,1.0024342,1.07826503349545,R$,200,5531.31,1.08620785,2017-05-01,937.00,1.07826503
1.08360768,0.5,633,Real,1.00166892,1.07439720356263,R$,200,5531.31,1.08360719,2017-06-01,937.00,1.0743972
1.08187667,0.5,634,Real,1.00113232,1.07763009384416,R$,200,5531.31,1.08187619,2017-07-01,937.00,1.07763009
1.08382756,0.5,635,Real,1.000509,1.07580123175018,R$,200,5531.31,1.08382708,2017-08-01,937.00,1.07580123
1.0800474,0.5,636,Real,1,1.07612406897088,R$,200,5531.31,1.08004692,2017-09-01,937.00,1.07612407
1.07886065,0.4690,637,Real,1,1.07633933683824,R$,200,5531.31,1.07886017,2017-10-01,937.00,1.07633934
1.07520495,0.4273,638,Real,1,1.07237156205862,R$,200,5531.31,1.07520447,2017-11-01,937.00,1.07237156
1.07177527,0.4273,639,Real,1,1.07044476148794,R$,200,5531.31,1.0717748,2017-12-01,937.00,1.07044476
1.06803714,0.3994,640,Real,1,1.06766882254932,R$,200,5645.80,1.06803667,2018-01-01,954.00,1.06766882
1.06388798,0.3994,641,Real,1,1.06521881926501,R$,200,5645.80,1.06388751,2018-02-01,954.00,1.06521882
1.05986051,0.3855,642,Real,1,1.06330487049811,R$,200,5645.80,1.05986004,2018-03-01,954.00,1.06330487
1.05880171,0.3715,643,Real,1,1.06256107774369,R$,200,5645.80,1.05880124,2018-04-01,954.00,1.06256108
1.05658288,0.3715,644,Real,1,1.06033437555503,R$,200,5645.80,1.05658241,2018-05-01,954.00,1.06033438
1.05510574,0.3715,645,Real,1,1.0557944593797,R$,200,5645.80,1.05510527,2018-06-01,954.00,1.05579446
1.04352263,0.3715,646,Real,1,1.04090945418485,R$,200,5645.80,1.04352217,2018-07-01,954.00,1.04090945
1.03688656,0.3715,647,Real,1,1.03831367000982,R$,200,5645.80,1.0368861,2018-08-01,954.00,1.03831367
1.03554036,0.3715,648,Real,1,1.03831367000982,R$,200,5645.80,1.0355399,2018-09-01,954.00,1.03831367
1.03460921,0.3715,649,Real,1,1.03520804587221,R$,200,5645.80,1.03460875,2018-10-01,954.00,1.03520805
1.02864308,0.3715,650,Real,1,1.0310837110281,R$,200,5645.80,1.02864262,2018-11-01,954.00,1.03108371
1.02669236,0.3715,651,Real,1,1.03366788072992,R$,200,5645.80,1.02669191,2018-12-01,954.00,1.03366788
1.02833461,0.3715,652,Real,1,1.03222276885353,R$,200,5839.45,1.02833461,2019-01-01,998.00,1.03222277
1.02525884,0.3715,653,Real,1,1.02852009650611,R$,200,5839.45,1.02525884,2019-02-01,998.00,1.0285201
1.02178477,0.3715,654,Real,1,1.02299591854596,R$,200,5839.45,1.02178477,2019-03-01,998.00,1.02299592
1.01629677,0.3715,655,Real,1,1.01517903993843,R$,200,5839.45,1.01629677,2019-04-01,998.00,1.01517904
1.00903174,0.3715,656,Real,1,1.00912429417339,R$,200,5839.45,1.00903174,2019-05-01,998.00,1.00912429
1.00551244,0.3715,657,Real,1,1.0076128748611,R$,200,5839.45,1.00551244,2019-06-01,998.00,1.00761287
1.0049095,0.3715,658,Real,1,1.00751212364873,R$,200,5839.45,1.0049095,2019-07-01,998.00,1.00751212
1.00400589,0.3434,659,Real,1,1.0065056180307,R$,200,5839.45,1.00400589,2019-08-01,998.00,1.00650562
1.00320333,0.3434,660,Real,1,1.00529925892,R$,200,5839.45,1.00320333,2019-09-01,998.00,1.00529926
1.00230126,0.3153,661,Real,1,1.00580216,R$,200,5839.45,1.00230126,2019-10-01,998.00,1.00580216
1.0014,0.2871,662,Real,1,1.0054,R$,200,5839.45,1.0014,2019-11-01,998.00,1.0054
1,0.5,663,Real,1,1,R$,200,5839.45,1,2019-12-01,998.00,1
1,0.5,664,Real,1,1,R$,200,6101.05,1,2019-01-01,1039.00,1
